Years,Time,Air density,Wind Speed,Power generation
01-09-2019 00:00,1,1.166,5.636,916.774
01-09-2019 01:00,2,1.16,6.993,1703.133
01-09-2019 02:00,3,1.155,7.43,1989.04
01-09-2019 03:00,4,1.152,7.637,2135.031
01-09-2019 04:00,5,1.149,7.548,2069.01
01-09-2019 05:00,6,1.148,6.627,1469.078
01-09-2019 06:00,7,1.148,5.005,634.55
01-09-2019 07:00,8,1.148,5.209,720.155
01-09-2019 08:00,9,1.15,5.626,912.181
01-09-2019 09:00,10,1.153,6.342,1297.998
01-09-2019 10:00,11,1.157,7.214,1844.279
01-09-2019 11:00,12,1.162,8.065,2424.743
01-09-2019 12:00,13,1.166,8.521,2736.897
01-09-2019 13:00,14,1.169,8.31,2592.654
01-09-2019 14:00,15,1.172,7.596,2106.157
01-09-2019 15:00,16,1.175,7.209,1840.804
01-09-2019 16:00,17,1.178,7.195,1834.598
01-09-2019 17:00,18,1.18,6.693,1512.233
01-09-2019 18:00,19,1.182,6.067,1140.815
01-09-2019 19:00,20,1.185,6.104,1164.582
01-09-2019 20:00,21,1.187,6.658,1486.336
01-09-2019 21:00,22,1.189,6.624,1468.973
01-09-2019 22:00,23,1.188,6.098,1162.442
01-09-2019 23:00,24,1.182,6.113,1166.65
02-09-2019 00:00,25,1.173,6.109,1164.726
02-09-2019 01:00,26,1.166,6.103,1164.528
02-09-2019 02:00,27,1.162,6.024,1119.324
02-09-2019 03:00,28,1.158,5.891,1046.777
02-09-2019 04:00,29,1.156,5.624,911.267
02-09-2019 05:00,30,1.155,4.851,573.687
02-09-2019 06:00,31,1.154,2.851,66.867
02-09-2019 07:00,32,1.155,2.4,25.552
02-09-2019 08:00,33,1.156,3.363,146.934
02-09-2019 09:00,34,1.158,3.267,128.838
02-09-2019 10:00,35,1.162,3.25,125.993
02-09-2019 11:00,36,1.165,3.613,199.06
02-09-2019 12:00,37,1.168,4.029,304.57
02-09-2019 13:00,38,1.171,4.285,380.405
02-09-2019 14:00,39,1.173,4.288,381.325
02-09-2019 15:00,40,1.176,3.99,291.743
02-09-2019 16:00,41,1.178,3.763,233.264
02-09-2019 17:00,42,1.18,3.913,271.248
02-09-2019 18:00,43,1.182,3.811,245.065
02-09-2019 19:00,44,1.184,3.616,200.352
02-09-2019 20:00,45,1.186,3.31,136.721
02-09-2019 21:00,46,1.187,2.854,67.151
02-09-2019 22:00,47,1.186,2.346,22.718
02-09-2019 23:00,48,1.18,2.192,14.602
03-09-2019 00:00,49,1.171,2.383,24.46
03-09-2019 01:00,50,1.164,2.648,45.009
03-09-2019 02:00,51,1.158,3.302,135.182
03-09-2019 03:00,52,1.154,4.188,347.969
03-09-2019 04:00,53,1.151,4.879,588.106
03-09-2019 05:00,54,1.149,5.251,737.912
03-09-2019 06:00,55,1.147,3.902,270.212
03-09-2019 07:00,56,1.147,1.124,0.092
03-09-2019 08:00,57,1.148,1.028,0.039
03-09-2019 09:00,58,1.15,1.318,0.338
03-09-2019 10:00,59,1.153,1.189,0.145
03-09-2019 11:00,60,1.156,1.009,0.03
03-09-2019 12:00,61,1.159,1.364,0.45
03-09-2019 13:00,62,1.162,1.806,3.945
03-09-2019 14:00,63,1.164,2.309,20.605
03-09-2019 15:00,64,1.167,2.645,44.734
03-09-2019 16:00,65,1.169,2.652,45.415
03-09-2019 17:00,66,1.171,2.344,22.6
03-09-2019 18:00,67,1.173,1.952,6.847
03-09-2019 19:00,68,1.174,1.582,1.429
03-09-2019 20:00,69,1.176,1.772,3.334
03-09-2019 21:00,70,1.176,3.568,188.441
03-09-2019 22:00,71,1.174,6.605,1456.723
03-09-2019 23:00,72,1.167,8.496,2721.68
04-09-2019 00:00,73,1.157,7.775,2228.064
04-09-2019 01:00,74,1.149,7.03,1723.124
04-09-2019 02:00,75,1.143,7.004,1709.028
04-09-2019 03:00,76,1.138,6.93,1658.476
04-09-2019 04:00,77,1.135,6.625,1468.994
04-09-2019 05:00,78,1.132,6.396,1328.015
04-09-2019 06:00,79,1.131,4.888,588.661
04-09-2019 07:00,80,1.131,4.13,333.649
04-09-2019 08:00,81,1.133,5.11,677.757
04-09-2019 09:00,82,1.136,5.768,982.792
04-09-2019 10:00,83,1.14,6.119,1169.853
04-09-2019 11:00,84,1.144,6.103,1164.551
04-09-2019 12:00,85,1.147,5.872,1036.351
04-09-2019 13:00,86,1.15,5.697,949.95
04-09-2019 14:00,87,1.152,5.673,935.274
04-09-2019 15:00,88,1.154,5.49,846.636
04-09-2019 16:00,89,1.156,5.276,751.215
04-09-2019 17:00,90,1.158,6.228,1235.488
04-09-2019 18:00,91,1.16,7.294,1897.481
04-09-2019 19:00,92,1.161,7.836,2269.488
04-09-2019 20:00,93,1.163,8.1,2455.441
04-09-2019 21:00,94,1.164,8.087,2441.744
04-09-2019 22:00,95,1.162,7.859,2283.308
04-09-2019 23:00,96,1.157,7.506,2044.47
05-09-2019 00:00,97,1.15,7.347,1937.792
05-09-2019 01:00,98,1.144,7.237,1863.698
05-09-2019 02:00,99,1.139,6.91,1645.667
05-09-2019 03:00,100,1.135,6.661,1489.001
05-09-2019 04:00,101,1.133,6.832,1600.24
05-09-2019 05:00,102,1.132,6.682,1502.084
05-09-2019 06:00,103,1.131,4.946,610.88
05-09-2019 07:00,104,1.132,5.141,690.758
05-09-2019 08:00,105,1.134,5.655,926.212
05-09-2019 09:00,106,1.137,5.634,915.92
05-09-2019 10:00,107,1.141,5.355,784.52
05-09-2019 11:00,108,1.144,5.45,831.945
05-09-2019 12:00,109,1.148,5.65,923.857
05-09-2019 13:00,110,1.15,5.507,854.69
05-09-2019 14:00,111,1.153,4.933,605.484
05-09-2019 15:00,112,1.155,4.494,445.056
05-09-2019 16:00,113,1.158,4.389,413.567
05-09-2019 17:00,114,1.16,4.814,561.644
05-09-2019 18:00,115,1.161,5.252,738.45
05-09-2019 19:00,116,1.163,6.003,1107.521
05-09-2019 20:00,117,1.164,6.828,1598.001
05-09-2019 21:00,118,1.165,6.923,1657.855
05-09-2019 22:00,119,1.164,6.269,1254.977
05-09-2019 23:00,120,1.159,5.544,876.984
06-09-2019 00:00,121,1.152,5.591,895.044
06-09-2019 01:00,122,1.146,5.994,1101.454
06-09-2019 02:00,123,1.141,5.881,1041.293
06-09-2019 03:00,124,1.138,5.355,784.555
06-09-2019 04:00,125,1.135,4.84,569.266
06-09-2019 05:00,126,1.134,4.431,423.988
06-09-2019 06:00,127,1.133,3.119,105.49
06-09-2019 07:00,128,1.133,2.299,20.05
06-09-2019 08:00,129,1.134,2.462,30.323
06-09-2019 09:00,130,1.137,2.924,76.033
06-09-2019 10:00,131,1.139,3.173,112.783
06-09-2019 11:00,132,1.142,3.094,100.174
06-09-2019 12:00,133,1.145,2.759,56.285
06-09-2019 13:00,134,1.148,2.471,30.946
06-09-2019 14:00,135,1.15,2.305,20.342
06-09-2019 15:00,136,1.152,2.266,17.918
06-09-2019 16:00,137,1.154,2.361,23.138
06-09-2019 17:00,138,1.156,2.535,35.894
06-09-2019 18:00,139,1.157,2.635,43.806
06-09-2019 19:00,140,1.158,2.703,51.276
06-09-2019 20:00,141,1.159,2.742,54.451
06-09-2019 21:00,142,1.159,2.724,53.415
06-09-2019 22:00,143,1.159,2.916,74.966
06-09-2019 23:00,144,1.154,3.15,109.053
07-09-2019 00:00,145,1.147,3.253,126.359
07-09-2019 01:00,146,1.142,3.248,125.876
07-09-2019 02:00,147,1.137,3.228,123.634
07-09-2019 03:00,148,1.134,3.565,187.704
07-09-2019 04:00,149,1.132,4.193,349.461
07-09-2019 05:00,150,1.13,5.312,769.355
07-09-2019 06:00,151,1.13,5.156,696.822
07-09-2019 07:00,152,1.13,3.428,159.316
07-09-2019 08:00,153,1.131,3.258,127.339
07-09-2019 09:00,154,1.133,4.077,315.798
07-09-2019 10:00,155,1.136,4.621,492.223
07-09-2019 11:00,156,1.138,5.062,661.681
07-09-2019 12:00,157,1.139,5.297,762.368
07-09-2019 13:00,158,1.139,5.317,771.642
07-09-2019 14:00,159,1.139,5.245,735.472
07-09-2019 15:00,160,1.139,5.52,860.693
07-09-2019 16:00,161,1.138,5.893,1047.497
07-09-2019 17:00,162,1.137,6.639,1474.617
07-09-2019 18:00,163,1.136,7.05,1735.724
07-09-2019 19:00,164,1.135,7.337,1928.246
07-09-2019 20:00,165,1.135,7.885,2300.754
07-09-2019 21:00,166,1.135,8.23,2538.289
07-09-2019 22:00,167,1.135,8.09,2441.77
07-09-2019 23:00,168,1.134,8.809,2928.029
08-09-2019 00:00,169,1.132,9.131,3133.756
08-09-2019 01:00,170,1.13,9.1,3114.334
08-09-2019 02:00,171,1.128,8.915,2999.23
08-09-2019 03:00,172,1.127,8.4,2660.735
08-09-2019 04:00,173,1.126,8.32,2605.843
08-09-2019 05:00,174,1.126,8.81,2928.024
08-09-2019 06:00,175,1.127,9.466,3340.835
08-09-2019 07:00,176,1.129,10.879,4046.292
08-09-2019 08:00,177,1.132,12.667,4581.69
08-09-2019 09:00,178,1.136,12.686,4583.823
08-09-2019 10:00,179,1.143,12.651,4578.754
08-09-2019 11:00,180,1.148,12.278,4492.073
08-09-2019 12:00,181,1.153,12.383,4517.113
08-09-2019 13:00,182,1.158,12.681,4582.911
08-09-2019 14:00,183,1.163,11.843,4376.948
08-09-2019 15:00,184,1.168,11.727,4343.162
08-09-2019 16:00,185,1.172,11.437,4251.553
08-09-2019 17:00,186,1.177,10.943,4071.531
08-09-2019 18:00,187,1.181,10.412,3843.167
08-09-2019 19:00,188,1.184,9.301,3238.994
08-09-2019 20:00,189,1.187,8.91,2993.572
08-09-2019 21:00,190,1.189,8.638,2814.361
08-09-2019 22:00,191,1.187,8.546,2756.169
08-09-2019 23:00,192,1.18,8.499,2721.68
09-09-2019 00:00,193,1.174,7.168,1818.055
09-09-2019 01:00,194,1.169,6.482,1385.067
09-09-2019 02:00,195,1.166,6.402,1331.79
09-09-2019 03:00,196,1.164,5.927,1065.344
09-09-2019 04:00,197,1.163,5.015,638.495
09-09-2019 05:00,198,1.162,4.191,349.069
09-09-2019 06:00,199,1.162,3.171,112.482
09-09-2019 07:00,200,1.164,4.49,443.684
09-09-2019 08:00,201,1.166,5.589,894.438
09-09-2019 09:00,202,1.17,6.686,1507.635
09-09-2019 10:00,203,1.174,8.668,2840.251
09-09-2019 11:00,204,1.179,10.332,3807.895
09-09-2019 12:00,205,1.182,11.222,4177.222
09-09-2019 13:00,206,1.186,11.868,4383.95
09-09-2019 14:00,207,1.189,11.722,4341.451
09-09-2019 15:00,208,1.193,11.059,4116.619
09-09-2019 16:00,209,1.196,10.332,3807.89
09-09-2019 17:00,210,1.199,10.19,3739.217
09-09-2019 18:00,211,1.202,9.581,3411.087
09-09-2019 19:00,212,1.204,8.711,2868.81
09-09-2019 20:00,213,1.207,8.852,2955.362
09-09-2019 21:00,214,1.208,8.7,2855.517
09-09-2019 22:00,215,1.207,7.9,2317.644
09-09-2019 23:00,216,1.2,7.269,1881.342
10-09-2019 00:00,217,1.194,6.889,1637.409
10-09-2019 01:00,218,1.189,6.513,1398.076
10-09-2019 02:00,219,1.186,6.002,1106.195
10-09-2019 03:00,220,1.183,5.3,763.764
10-09-2019 04:00,221,1.181,4.277,377.297
10-09-2019 05:00,222,1.18,3.476,170.672
10-09-2019 06:00,223,1.18,2.792,60.896
10-09-2019 07:00,224,1.181,3.728,225.319
10-09-2019 08:00,225,1.182,5.113,678.907
10-09-2019 09:00,226,1.185,5.815,1007.179
10-09-2019 10:00,227,1.188,6.224,1231.391
10-09-2019 11:00,228,1.192,6.676,1499.907
10-09-2019 12:00,229,1.195,7.09,1762.536
10-09-2019 13:00,230,1.197,7.354,1941.64
10-09-2019 14:00,231,1.2,7.272,1884.151
10-09-2019 15:00,232,1.202,6.953,1674.503
10-09-2019 16:00,233,1.205,6.16,1192.671
10-09-2019 17:00,234,1.207,6.319,1283.435
10-09-2019 18:00,235,1.21,7.052,1736.963
10-09-2019 19:00,236,1.212,7.074,1754.5
10-09-2019 20:00,237,1.215,6.287,1264.563
10-09-2019 21:00,238,1.216,5.479,841.656
10-09-2019 22:00,239,1.214,4.692,514.208
10-09-2019 23:00,240,1.207,4.242,364.461
11-09-2019 00:00,241,1.195,4.242,364.263
11-09-2019 01:00,242,1.187,4.439,426.856
11-09-2019 02:00,243,1.182,4.78,550.111
11-09-2019 03:00,244,1.179,5.037,651.294
11-09-2019 04:00,245,1.177,5.014,637.911
11-09-2019 05:00,246,1.175,4.204,352.929
11-09-2019 06:00,247,1.175,2.42,26.853
11-09-2019 07:00,248,1.175,3.205,119.678
11-09-2019 08:00,249,1.177,5.004,633.993
11-09-2019 09:00,250,1.179,5.796,1002.193
11-09-2019 10:00,251,1.181,6.284,1262.872
11-09-2019 11:00,252,1.183,6.755,1553.017
11-09-2019 12:00,253,1.186,7.015,1716.172
11-09-2019 13:00,254,1.188,7.182,1823.429
11-09-2019 14:00,255,1.19,7.335,1928.2
11-09-2019 15:00,256,1.192,6.374,1318.649
11-09-2019 16:00,257,1.195,4.865,580.476
11-09-2019 17:00,258,1.198,3.961,286.319
11-09-2019 18:00,259,1.2,3.182,114.231
11-09-2019 19:00,260,1.202,2.485,31.677
11-09-2019 20:00,261,1.204,2.002,7.923
11-09-2019 21:00,262,1.205,1.376,0.494
11-09-2019 22:00,263,1.203,0.777,0
11-09-2019 23:00,264,1.196,0.472,0
12-09-2019 00:00,265,1.184,0.942,0.016
12-09-2019 01:00,266,1.175,1.47,0.804
12-09-2019 02:00,267,1.169,1.879,5.24
12-09-2019 03:00,268,1.164,2.421,26.905
12-09-2019 04:00,269,1.16,3.352,144.438
12-09-2019 05:00,270,1.158,4.221,358.101
12-09-2019 06:00,271,1.157,4.035,305.392
12-09-2019 07:00,272,1.157,2.169,13.522
12-09-2019 08:00,273,1.159,2.74,54.276
12-09-2019 09:00,274,1.161,2.91,74.248
12-09-2019 10:00,275,1.165,2.984,84.831
12-09-2019 11:00,276,1.169,3.2,118.831
12-09-2019 12:00,277,1.172,3.738,227.226
12-09-2019 13:00,278,1.176,4.359,400.68
12-09-2019 14:00,279,1.179,4.968,619.637
12-09-2019 15:00,280,1.181,5.071,664.813
12-09-2019 16:00,281,1.182,4.815,561.664
12-09-2019 17:00,282,1.183,6.203,1218.363
12-09-2019 18:00,283,1.183,8.712,2868.804
12-09-2019 19:00,284,1.183,9.486,3354.42
12-09-2019 20:00,285,1.183,8.808,2928.036
12-09-2019 21:00,286,1.183,8.319,2604.902
12-09-2019 22:00,287,1.181,8.404,2660.741
12-09-2019 23:00,288,1.176,8.343,2617.548
13-09-2019 00:00,289,1.171,7.885,2300.508
13-09-2019 01:00,290,1.166,7.723,2189.15
13-09-2019 02:00,291,1.163,7.657,2150.136
13-09-2019 03:00,292,1.16,8.001,2380.559
13-09-2019 04:00,293,1.159,7.651,2146.41
13-09-2019 05:00,294,1.158,7.471,2016.928
13-09-2019 06:00,295,1.158,7.178,1821.407
13-09-2019 07:00,296,1.159,6.986,1697.432
13-09-2019 08:00,297,1.16,7.399,1974.392
13-09-2019 09:00,298,1.163,7.695,2169.8
13-09-2019 10:00,299,1.167,7.16,1808.807
13-09-2019 11:00,300,1.17,7.024,1718.888
13-09-2019 12:00,301,1.173,7.352,1941.591
13-09-2019 13:00,302,1.176,7.514,2050.047
13-09-2019 14:00,303,1.179,7.352,1941.582
13-09-2019 15:00,304,1.181,7.044,1732.003
13-09-2019 16:00,305,1.184,6.827,1596.682
13-09-2019 17:00,306,1.186,6.526,1405.943
13-09-2019 18:00,307,1.189,5.949,1081.628
13-09-2019 19:00,308,1.192,6.899,1638.775
13-09-2019 20:00,309,1.195,7.488,2033.728
13-09-2019 21:00,310,1.198,8.082,2441.695
13-09-2019 22:00,311,1.199,7.565,2081.19
13-09-2019 23:00,312,1.194,7.244,1867.868
14-09-2019 00:00,313,1.186,6.982,1692.603
14-09-2019 01:00,314,1.177,6.381,1319.544
14-09-2019 02:00,315,1.17,5.787,997.425
14-09-2019 03:00,316,1.166,4.918,599.553
14-09-2019 04:00,317,1.164,4.172,343.245
14-09-2019 05:00,318,1.162,3.338,141.773
14-09-2019 06:00,319,1.162,2.105,11.113
14-09-2019 07:00,320,1.163,1.571,1.393
14-09-2019 08:00,321,1.165,2.433,27.715
14-09-2019 09:00,322,1.168,3.565,187.849
14-09-2019 10:00,323,1.171,4.062,311.688
14-09-2019 11:00,324,1.175,4.554,465.656
14-09-2019 12:00,325,1.179,5.151,694.856
14-09-2019 13:00,326,1.183,5.64,918.688
14-09-2019 14:00,327,1.185,5.869,1034.987
14-09-2019 15:00,328,1.188,5.438,822.308
14-09-2019 16:00,329,1.191,4.895,590.497
14-09-2019 17:00,330,1.193,5.511,856.522
14-09-2019 18:00,331,1.195,6.747,1547.869
14-09-2019 19:00,332,1.196,7.661,2152.914
14-09-2019 20:00,333,1.198,8.168,2500.731
14-09-2019 21:00,334,1.198,8.302,2592.617
14-09-2019 22:00,335,1.195,8.536,2748.632
14-09-2019 23:00,336,1.188,8.903,2993.227
15-09-2019 00:00,337,1.177,8.875,2970.383
15-09-2019 01:00,338,1.168,8.277,2574.869
15-09-2019 02:00,339,1.162,8.108,2455.514
15-09-2019 03:00,340,1.159,8.062,2422.75
15-09-2019 04:00,341,1.157,7.952,2346.68
15-09-2019 05:00,342,1.157,7.659,2151.99
15-09-2019 06:00,343,1.159,5.908,1055.551
15-09-2019 07:00,344,1.161,5.238,732.421
15-09-2019 08:00,345,1.166,7.661,2153.449
15-09-2019 09:00,346,1.172,9.17,3164.843
15-09-2019 10:00,347,1.178,10.297,3787.068
15-09-2019 11:00,348,1.183,10.849,4037.364
15-09-2019 12:00,349,1.188,11.041,4109.598
15-09-2019 13:00,350,1.192,11.049,4112.8
15-09-2019 14:00,351,1.196,10.691,3967.191
15-09-2019 15:00,352,1.2,9.794,3526.097
15-09-2019 16:00,353,1.205,9.819,3539.551
15-09-2019 17:00,354,1.209,10.297,3787.065
15-09-2019 18:00,355,1.213,9.291,3233.12
15-09-2019 19:00,356,1.217,8.371,2634.489
15-09-2019 20:00,357,1.22,8.565,2768.424
15-09-2019 21:00,358,1.224,8.464,2697.284
15-09-2019 22:00,359,1.224,7.879,2297.097
15-09-2019 23:00,360,1.217,7.544,2066.462
16-09-2019 00:00,361,1.207,7.676,2159.483
16-09-2019 01:00,362,1.2,7.214,1844.142
16-09-2019 02:00,363,1.195,6.439,1359.201
16-09-2019 03:00,364,1.191,5.723,960.376
16-09-2019 04:00,365,1.189,5.162,699.767
16-09-2019 05:00,366,1.187,4.166,341.513
16-09-2019 06:00,367,1.186,2.279,18.946
16-09-2019 07:00,368,1.186,3.787,239.263
16-09-2019 08:00,369,1.188,5.962,1088.982
16-09-2019 09:00,370,1.19,6.645,1478.234
16-09-2019 10:00,371,1.194,6.967,1683.771
16-09-2019 11:00,372,1.197,7.185,1827.902
16-09-2019 12:00,373,1.2,7.444,2002.468
16-09-2019 13:00,374,1.204,7.669,2158.895
16-09-2019 14:00,375,1.207,7.563,2079.289
16-09-2019 15:00,376,1.21,6.809,1580.547
16-09-2019 16:00,377,1.213,5.909,1055.983
16-09-2019 17:00,378,1.215,5.769,983.206
16-09-2019 18:00,379,1.217,5.302,764.898
16-09-2019 19:00,380,1.218,4.848,572.6
16-09-2019 20:00,381,1.22,4.576,472.978
16-09-2019 21:00,382,1.221,4.967,619.19
16-09-2019 22:00,383,1.219,5.864,1032.666
16-09-2019 23:00,384,1.212,6.763,1556.019
17-09-2019 00:00,385,1.2,7.461,2009.812
17-09-2019 01:00,386,1.192,7.961,2352.794
17-09-2019 02:00,387,1.186,8.32,2606.334
17-09-2019 03:00,388,1.182,8.557,2762.077
17-09-2019 04:00,389,1.18,8.603,2791.18
17-09-2019 05:00,390,1.179,8.082,2441.693
17-09-2019 06:00,391,1.179,6.158,1191.572
17-09-2019 07:00,392,1.181,4.957,614.948
17-09-2019 08:00,393,1.184,7.194,1834.567
17-09-2019 09:00,394,1.188,9.165,3158.343
17-09-2019 10:00,395,1.193,9.887,3576.782
17-09-2019 11:00,396,1.197,10.089,3683.62
17-09-2019 12:00,397,1.202,9.945,3610.637
17-09-2019 13:00,398,1.206,9.406,3305.158
17-09-2019 14:00,399,1.21,8.554,2762.081
17-09-2019 15:00,400,1.213,7.957,2349.989
17-09-2019 16:00,401,1.217,8.482,2710.607
17-09-2019 17:00,402,1.221,8.561,2762.835
17-09-2019 18:00,403,1.224,7.442,2002.415
17-09-2019 19:00,404,1.227,7.05,1736.031
17-09-2019 20:00,405,1.23,8.761,2901.817
17-09-2019 21:00,406,1.232,9.424,3317.139
17-09-2019 22:00,407,1.231,8.041,2408.935
17-09-2019 23:00,408,1.227,7.667,2157.031
18-09-2019 00:00,409,1.221,9.363,3276.802
18-09-2019 01:00,410,1.216,11.094,4131.952
18-09-2019 02:00,411,1.212,11.455,4257.664
18-09-2019 03:00,412,1.209,11.066,4119.353
18-09-2019 04:00,413,1.207,10.184,3733.001
18-09-2019 05:00,414,1.205,9.245,3208.092
18-09-2019 06:00,415,1.204,9.065,3092.607
18-09-2019 07:00,416,1.205,9.881,3573.231
18-09-2019 08:00,417,1.206,10.863,4040.512
18-09-2019 09:00,418,1.209,11.821,4370.617
18-09-2019 10:00,419,1.212,12.753,4598.084
18-09-2019 11:00,420,1.215,13.507,4729.455
18-09-2019 12:00,421,1.217,14.053,4800.035
18-09-2019 13:00,422,1.219,14.429,4839.045
18-09-2019 14:00,423,1.221,14.335,4830.341
18-09-2019 15:00,424,1.223,13.572,4737.861
18-09-2019 16:00,425,1.226,12.493,4544.05
18-09-2019 17:00,426,1.229,11.495,4272.531
18-09-2019 18:00,427,1.232,10.936,4068.839
18-09-2019 19:00,428,1.234,10.475,3870.9
18-09-2019 20:00,429,1.236,10.166,3725.482
18-09-2019 21:00,430,1.238,9.744,3501.754
18-09-2019 22:00,431,1.236,9.283,3228.333
18-09-2019 23:00,432,1.229,8.941,3013.426
19-09-2019 00:00,433,1.219,8.074,2433.463
19-09-2019 01:00,434,1.211,7.946,2342.614
19-09-2019 02:00,435,1.206,7.636,2133.983
19-09-2019 03:00,436,1.201,7.337,1928.251
19-09-2019 04:00,437,1.197,7.394,1971.268
19-09-2019 05:00,438,1.194,7.154,1808.049
19-09-2019 06:00,439,1.192,5.484,843.657
19-09-2019 07:00,440,1.192,6.826,1595.295
19-09-2019 08:00,441,1.194,10.328,3805.569
19-09-2019 09:00,442,1.196,10.481,3874.404
19-09-2019 10:00,443,1.2,10.339,3807.593
19-09-2019 11:00,444,1.203,10.212,3749.402
19-09-2019 12:00,445,1.205,10.29,3783.351
19-09-2019 13:00,446,1.208,10.268,3772.721
19-09-2019 14:00,447,1.21,9.875,3570.416
19-09-2019 15:00,448,1.212,8.631,2809.543
19-09-2019 16:00,449,1.215,7.439,2000.818
19-09-2019 17:00,450,1.217,7.46,2009.361
19-09-2019 18:00,451,1.219,6.959,1681.955
19-09-2019 19:00,452,1.221,6.219,1226.437
19-09-2019 20:00,453,1.223,5.376,793.825
19-09-2019 21:00,454,1.224,4.477,439.318
19-09-2019 22:00,455,1.222,3.728,225.33
19-09-2019 23:00,456,1.217,3.079,98.002
20-09-2019 00:00,457,1.208,2.442,28.487
20-09-2019 01:00,458,1.2,2.055,9.695
20-09-2019 02:00,459,1.193,2.118,11.593
20-09-2019 03:00,460,1.19,2.573,39.059
20-09-2019 04:00,461,1.187,3.084,98.722
20-09-2019 05:00,462,1.186,3.537,181.64
20-09-2019 06:00,463,1.186,3.774,236.024
20-09-2019 07:00,464,1.188,2.286,19.341
20-09-2019 08:00,465,1.19,2.42,26.836
20-09-2019 09:00,466,1.193,3.228,123.629
20-09-2019 10:00,467,1.195,3.267,128.999
20-09-2019 11:00,468,1.199,3.337,141.726
20-09-2019 12:00,469,1.202,3.376,149.74
20-09-2019 13:00,470,1.205,3.237,125.093
20-09-2019 14:00,471,1.207,3.053,94.028
20-09-2019 15:00,472,1.211,3.01,87.729
20-09-2019 16:00,473,1.214,2.602,40.897
20-09-2019 17:00,474,1.217,1.826,4.203
20-09-2019 18:00,475,1.22,2.122,11.721
20-09-2019 19:00,476,1.223,3.731,225.499
20-09-2019 20:00,477,1.225,4.468,436.442
20-09-2019 21:00,478,1.228,4.492,444.356
20-09-2019 22:00,479,1.229,4.534,461.677
20-09-2019 23:00,480,1.225,5.166,701.274
21-09-2019 00:00,481,1.219,5.854,1027.404
21-09-2019 01:00,482,1.211,6.223,1229.744
21-09-2019 02:00,483,1.206,6.26,1254.683
21-09-2019 03:00,484,1.202,5.906,1054.636
21-09-2019 04:00,485,1.199,5.07,664.642
21-09-2019 05:00,486,1.196,4.093,320.508
21-09-2019 06:00,487,1.195,3.44,161.691
21-09-2019 07:00,488,1.195,4.007,296.363
21-09-2019 08:00,489,1.196,5.121,682.331
21-09-2019 09:00,490,1.198,6.11,1164.763
21-09-2019 10:00,491,1.201,6.569,1431.803
21-09-2019 11:00,492,1.204,6.71,1524.389
21-09-2019 12:00,493,1.207,6.962,1683.628
21-09-2019 13:00,494,1.209,7.1,1774.966
21-09-2019 14:00,495,1.211,7.086,1761.99
21-09-2019 15:00,496,1.213,6.786,1566.304
21-09-2019 16:00,497,1.216,6.386,1322.128
21-09-2019 17:00,498,1.219,6.978,1689.165
21-09-2019 18:00,499,1.221,6.463,1371.935
21-09-2019 19:00,500,1.223,5.254,739.222
21-09-2019 20:00,501,1.226,3.855,256.088
21-09-2019 21:00,502,1.227,3.18,113.923
21-09-2019 22:00,503,1.227,3.405,154.67
21-09-2019 23:00,504,1.22,4.023,301.767
22-09-2019 00:00,505,1.208,4.552,464.682
22-09-2019 01:00,506,1.196,4.93,604.463
22-09-2019 02:00,507,1.187,4.88,588.443
22-09-2019 03:00,508,1.18,4.465,435.534
22-09-2019 04:00,509,1.174,4.329,391.193
22-09-2019 05:00,510,1.171,4.631,495.737
22-09-2019 06:00,511,1.17,4.416,420.422
22-09-2019 07:00,512,1.17,2.698,50.492
22-09-2019 08:00,513,1.171,3.825,248.581
22-09-2019 09:00,514,1.174,4.478,439.655
22-09-2019 10:00,515,1.177,4.637,497.846
22-09-2019 11:00,516,1.181,4.625,493.523
22-09-2019 12:00,517,1.184,4.555,465.756
22-09-2019 13:00,518,1.187,4.473,438.069
22-09-2019 14:00,519,1.19,4.161,340.231
22-09-2019 15:00,520,1.193,3.525,179.089
22-09-2019 16:00,521,1.196,2.888,71.464
22-09-2019 17:00,522,1.198,2.495,32.113
22-09-2019 18:00,523,1.2,2.951,80.789
22-09-2019 19:00,524,1.202,3.511,176.23
22-09-2019 20:00,525,1.204,3.736,226.906
22-09-2019 21:00,526,1.206,3.688,215.456
22-09-2019 22:00,527,1.206,3.574,189.716
22-09-2019 23:00,528,1.2,3.39,151.814
23-09-2019 00:00,529,1.189,3.159,110.489
23-09-2019 01:00,530,1.178,3.065,95.861
23-09-2019 02:00,531,1.17,3.281,131.388
23-09-2019 03:00,532,1.165,3.784,238.434
23-09-2019 04:00,533,1.163,4.385,412.017
23-09-2019 05:00,534,1.162,5.011,636.707
23-09-2019 06:00,535,1.162,5.027,646.051
23-09-2019 07:00,536,1.164,2.699,50.795
23-09-2019 08:00,537,1.167,2.686,48.71
23-09-2019 09:00,538,1.173,4.667,506.27
23-09-2019 10:00,539,1.179,6.141,1182.009
23-09-2019 11:00,540,1.185,6.768,1556.19
23-09-2019 12:00,541,1.19,7.248,1867.968
23-09-2019 13:00,542,1.195,7.607,2111.551
23-09-2019 14:00,543,1.199,7.386,1963.377
23-09-2019 15:00,544,1.203,7.5,2036.679
23-09-2019 16:00,545,1.208,8.877,2971.448
23-09-2019 17:00,546,1.212,10.153,3719.419
23-09-2019 18:00,547,1.216,9.73,3490.752
23-09-2019 19:00,548,1.22,9.118,3126.024
23-09-2019 20:00,549,1.224,9.643,3443.492
23-09-2019 21:00,550,1.226,8.709,2866.911
23-09-2019 22:00,551,1.225,7.868,2293.645
23-09-2019 23:00,552,1.219,7.39,1968.451
24-09-2019 00:00,553,1.209,7.139,1799.748
24-09-2019 01:00,554,1.201,6.776,1559.875
24-09-2019 02:00,555,1.196,6.141,1181.979
24-09-2019 03:00,556,1.194,5.654,925.606
24-09-2019 04:00,557,1.192,5.296,762.203
24-09-2019 05:00,558,1.19,4.979,623.692
24-09-2019 06:00,559,1.19,4.07,313.819
24-09-2019 07:00,560,1.191,2.795,61.209
24-09-2019 08:00,561,1.193,5.639,918.368
24-09-2019 09:00,562,1.197,7.573,2087.657
24-09-2019 10:00,563,1.201,9.01,3063.96
24-09-2019 11:00,564,1.204,10.095,3688.653
24-09-2019 12:00,565,1.207,10.487,3880.161
24-09-2019 13:00,566,1.21,10.58,3923.437
24-09-2019 14:00,567,1.212,10.236,3757.129
24-09-2019 15:00,568,1.215,9.286,3230.38
24-09-2019 16:00,569,1.218,8.669,2840.613
24-09-2019 17:00,570,1.221,9.271,3221.151
24-09-2019 18:00,571,1.223,9.409,3305.082
24-09-2019 19:00,572,1.225,8.706,2863.768
24-09-2019 20:00,573,1.227,7.478,2021.331
24-09-2019 21:00,574,1.229,5.766,981.687
24-09-2019 22:00,575,1.228,3.871,262.617
24-09-2019 23:00,576,1.222,2.542,36.459
25-09-2019 00:00,577,1.209,1.931,6.174
25-09-2019 01:00,578,1.197,2.097,10.925
25-09-2019 02:00,579,1.188,2.799,61.715
25-09-2019 03:00,580,1.182,3.647,206.612
25-09-2019 04:00,581,1.178,4.49,443.691
25-09-2019 05:00,582,1.175,5.316,771.16
25-09-2019 06:00,583,1.174,5.741,969.043
25-09-2019 07:00,584,1.174,3.601,195.741
25-09-2019 08:00,585,1.176,3.083,98.615
25-09-2019 09:00,586,1.179,4.32,388.382
25-09-2019 10:00,587,1.182,4.491,444.128
25-09-2019 11:00,588,1.185,4.333,392.582
25-09-2019 12:00,589,1.188,4.002,295.081
25-09-2019 13:00,590,1.191,3.464,168.221
25-09-2019 14:00,591,1.194,2.626,42.982
25-09-2019 15:00,592,1.197,1.699,2.52
25-09-2019 16:00,593,1.2,0.696,0
25-09-2019 17:00,594,1.203,2.066,10.054
25-09-2019 18:00,595,1.205,3.42,157.691
25-09-2019 19:00,596,1.208,4.36,401.195
25-09-2019 20:00,597,1.211,4.924,602.031
25-09-2019 21:00,598,1.214,5.175,705.173
25-09-2019 22:00,599,1.216,5.33,773.074
25-09-2019 23:00,600,1.214,6.025,1120.701
26-09-2019 00:00,601,1.204,7.175,1821.323
26-09-2019 01:00,602,1.191,8.053,2421.055
26-09-2019 02:00,603,1.182,8.68,2842.722
26-09-2019 03:00,604,1.176,8.758,2899.103
26-09-2019 04:00,605,1.171,8.761,2901.816
26-09-2019 05:00,606,1.168,8.755,2894.839
26-09-2019 06:00,607,1.166,6.774,1558.922
26-09-2019 07:00,608,1.166,4.202,352.172
26-09-2019 08:00,609,1.168,3.9,270.175
26-09-2019 09:00,610,1.171,4.186,347.42
26-09-2019 10:00,611,1.175,3.62,201.814
26-09-2019 11:00,612,1.179,2.768,57.283
26-09-2019 12:00,613,1.182,2.042,9.303
26-09-2019 13:00,614,1.185,1.763,3.215
26-09-2019 14:00,615,1.188,1.912,5.763
26-09-2019 15:00,616,1.191,2.192,14.574
26-09-2019 16:00,617,1.194,2.816,62.735
26-09-2019 17:00,618,1.197,3.757,231.947
26-09-2019 18:00,619,1.199,4.504,448.619
26-09-2019 19:00,620,1.2,5.196,716.348
26-09-2019 20:00,621,1.202,5.937,1070.884
26-09-2019 21:00,622,1.203,6.616,1464.329
26-09-2019 22:00,623,1.203,7.232,1857.775
26-09-2019 23:00,624,1.197,7.762,2221.239
27-09-2019 00:00,625,1.187,7.997,2379.763
27-09-2019 01:00,626,1.174,7.749,2207.605
27-09-2019 02:00,627,1.164,7.586,2097.845
27-09-2019 03:00,628,1.157,7.619,2124.41
27-09-2019 04:00,629,1.151,7.753,2211.857
27-09-2019 05:00,630,1.148,7.754,2213.007
27-09-2019 06:00,631,1.146,6.601,1456.607
27-09-2019 07:00,632,1.147,4.53,460.298
27-09-2019 08:00,633,1.149,4.648,501.605
27-09-2019 09:00,634,1.153,5.539,874.402
27-09-2019 10:00,635,1.158,6.296,1270.041
27-09-2019 11:00,636,1.162,7.006,1711.456
27-09-2019 12:00,637,1.165,7.515,2050.073
27-09-2019 13:00,638,1.168,7.597,2106.78
27-09-2019 14:00,639,1.17,7.044,1732.207
27-09-2019 15:00,640,1.172,7.28,1894.503
27-09-2019 16:00,641,1.175,8.87,2967.36
27-09-2019 17:00,642,1.178,9.929,3599.86
27-09-2019 18:00,643,1.181,9.987,3630.007
27-09-2019 19:00,644,1.183,9.575,3405.329
27-09-2019 20:00,645,1.185,9.166,3160.042
27-09-2019 21:00,646,1.186,8.709,2867.528
27-09-2019 22:00,647,1.186,8.109,2455.518
27-09-2019 23:00,648,1.181,7.548,2069.167
28-09-2019 00:00,649,1.172,7.082,1761.869
28-09-2019 01:00,650,1.162,6.246,1243.407
28-09-2019 02:00,651,1.156,6.296,1269.785
28-09-2019 03:00,652,1.15,6.928,1658.013
28-09-2019 04:00,653,1.147,7.481,2024.445
28-09-2019 05:00,654,1.145,7.495,2036.455
28-09-2019 06:00,655,1.145,6.775,1559.083
28-09-2019 07:00,656,1.147,5.461,837.011
28-09-2019 08:00,657,1.151,5.762,979.758
28-09-2019 09:00,658,1.156,8.778,2912.427
28-09-2019 10:00,659,1.162,9.857,3560.226
28-09-2019 11:00,660,1.168,10.332,3807.87
28-09-2019 12:00,661,1.172,10.39,3831.233
28-09-2019 13:00,662,1.177,10.168,3727.117
28-09-2019 14:00,663,1.181,9.899,3587.838
28-09-2019 15:00,664,1.185,9.548,3386.474
28-09-2019 16:00,665,1.19,10.064,3670.333
28-09-2019 17:00,666,1.194,10.645,3949.567
28-09-2019 18:00,667,1.198,9.901,3589.402
28-09-2019 19:00,668,1.202,9.472,3342.043
28-09-2019 20:00,669,1.206,8.778,2912.988
28-09-2019 21:00,670,1.21,7.826,2264.606
28-09-2019 22:00,671,1.213,6.798,1573.988
28-09-2019 23:00,672,1.21,5.935,1069.559
29-09-2019 00:00,673,1.205,5.403,806.294
29-09-2019 01:00,674,1.199,5.324,772.888
29-09-2019 02:00,675,1.195,5.825,1012.369
29-09-2019 03:00,676,1.192,6.362,1309.485
29-09-2019 04:00,677,1.19,6.825,1594.049
29-09-2019 05:00,678,1.189,6.592,1447.113
29-09-2019 06:00,679,1.189,5.85,1025.101
29-09-2019 07:00,680,1.19,5.884,1042.883
29-09-2019 08:00,681,1.193,5.756,977.082
29-09-2019 09:00,682,1.196,6.045,1131.214
29-09-2019 10:00,683,1.2,6.353,1306.908
29-09-2019 11:00,684,1.203,6.44,1359.929
29-09-2019 12:00,685,1.205,6.526,1405.888
29-09-2019 13:00,686,1.207,6.534,1410.422
29-09-2019 14:00,687,1.209,6.323,1286.71
29-09-2019 15:00,688,1.211,5.575,891.858
29-09-2019 16:00,689,1.213,5.368,790.306
29-09-2019 17:00,690,1.215,5.93,1067.316
29-09-2019 18:00,691,1.217,5.92,1061.827
29-09-2019 19:00,692,1.219,5.75,973.539
29-09-2019 20:00,693,1.221,5.235,731
29-09-2019 21:00,694,1.222,4.631,495.886
29-09-2019 22:00,695,1.221,4.572,471.851
29-09-2019 23:00,696,1.216,4.498,446.574
30-09-2019 00:00,697,1.206,5.047,655.446
30-09-2019 01:00,698,1.196,6.608,1456.815
30-09-2019 02:00,699,1.188,7.955,2349.062
30-09-2019 03:00,700,1.182,7.965,2355.568
30-09-2019 04:00,701,1.176,7.219,1847.108
30-09-2019 05:00,702,1.172,6.9,1638.788
30-09-2019 06:00,703,1.169,5.759,978.522
30-09-2019 07:00,704,1.168,4.414,420.364
30-09-2019 08:00,705,1.169,4.303,383.029
30-09-2019 09:00,706,1.171,4.421,420.963
30-09-2019 10:00,707,1.174,4.739,531.401
30-09-2019 11:00,708,1.175,5.186,709.739
30-09-2019 12:00,709,1.177,5.783,995.423
30-09-2019 13:00,710,1.178,6.632,1470.694
30-09-2019 14:00,711,1.179,7.103,1775.033
30-09-2019 15:00,712,1.181,7.206,1838.925
30-09-2019 16:00,713,1.182,8.468,2700.143
30-09-2019 17:00,714,1.184,9.671,3462.523
30-09-2019 18:00,715,1.185,9.768,3511.617
30-09-2019 19:00,716,1.186,7.977,2364.231
30-09-2019 20:00,717,1.187,7.25,1868.005
30-09-2019 21:00,718,1.187,7.597,2107.895
30-09-2019 22:00,719,1.187,9.663,3453.96
30-09-2019 23:00,720,1.184,9.334,3259.562
01-10-2019 00:00,721,1.177,8.577,2780.268
01-10-2019 01:00,722,1.167,8.182,2505.213
01-10-2019 02:00,723,1.158,8.228,2536.894
01-10-2019 03:00,724,1.151,8.172,2503.572
01-10-2019 04:00,725,1.146,8.153,2489.841
01-10-2019 05:00,726,1.143,8.305,2592.632
01-10-2019 06:00,727,1.142,8.085,2441.72
01-10-2019 07:00,728,1.143,6.849,1612.304
01-10-2019 08:00,729,1.146,7.546,2067.991
01-10-2019 09:00,730,1.151,8.117,2464.639
01-10-2019 10:00,731,1.156,8.265,2565.288
01-10-2019 11:00,732,1.161,8.585,2782.208
01-10-2019 12:00,733,1.165,8.831,2947.718
01-10-2019 13:00,734,1.168,8.764,2901.799
01-10-2019 14:00,735,1.17,8.604,2791.611
01-10-2019 15:00,736,1.173,9.069,3095.239
01-10-2019 16:00,737,1.177,10.049,3662.624
01-10-2019 17:00,738,1.18,9.747,3501.667
01-10-2019 18:00,739,1.183,9.172,3164.815
01-10-2019 19:00,740,1.185,9.029,3075.348
01-10-2019 20:00,741,1.188,8.953,3021.043
01-10-2019 21:00,742,1.19,8.816,2931.926
01-10-2019 22:00,743,1.192,8.689,2853.698
01-10-2019 23:00,744,1.191,8.58,2782.22
02-10-2019 00:00,745,1.186,8.388,2645.577
02-10-2019 01:00,746,1.18,8.345,2619.669
02-10-2019 02:00,747,1.176,8.568,2772.586
02-10-2019 03:00,748,1.174,8.295,2585.75
02-10-2019 04:00,749,1.172,8.243,2551.585
02-10-2019 05:00,750,1.171,8.173,2503.574
02-10-2019 06:00,751,1.172,7.22,1847.816
02-10-2019 07:00,752,1.174,5.444,826.625
02-10-2019 08:00,753,1.179,6.819,1587.003
02-10-2019 09:00,754,1.185,7.922,2331.454
02-10-2019 10:00,755,1.191,7.88,2297.268
02-10-2019 11:00,756,1.196,7.358,1941.721
02-10-2019 12:00,757,1.201,6.87,1625.53
02-10-2019 13:00,758,1.206,6.502,1391.066
02-10-2019 14:00,759,1.209,5.621,909.374
02-10-2019 15:00,760,1.213,4.439,426.903
02-10-2019 16:00,761,1.216,4.302,382.746
02-10-2019 17:00,762,1.219,5.392,801.148
02-10-2019 18:00,763,1.222,6.165,1197.609
02-10-2019 19:00,764,1.224,7.042,1730.667
02-10-2019 20:00,765,1.227,7.196,1834.628
02-10-2019 21:00,766,1.229,7.608,2111.554
02-10-2019 22:00,767,1.231,7.926,2331.508
02-10-2019 23:00,768,1.23,7.721,2187.496
03-10-2019 00:00,769,1.227,7.436,1997.611
03-10-2019 01:00,770,1.224,7.825,2262.223
03-10-2019 02:00,771,1.222,7.538,2063.756
03-10-2019 03:00,772,1.22,7.235,1861.407
03-10-2019 04:00,773,1.218,7.19,1834.477
03-10-2019 05:00,774,1.217,7.138,1798.48
03-10-2019 06:00,775,1.218,7.101,1774.984
03-10-2019 07:00,776,1.219,8.485,2714.767
03-10-2019 08:00,777,1.223,10.055,3665.391
03-10-2019 09:00,778,1.227,10.6,3932.307
03-10-2019 10:00,779,1.231,10.102,3694.081
03-10-2019 11:00,780,1.235,9.986,3629.339
03-10-2019 12:00,781,1.237,9.616,3425.668
03-10-2019 13:00,782,1.24,9.321,3251.427
03-10-2019 14:00,783,1.241,9.158,3152.242
03-10-2019 15:00,784,1.244,8.302,2592.618
03-10-2019 16:00,785,1.246,7.929,2331.548
03-10-2019 17:00,786,1.248,7.947,2343.61
03-10-2019 18:00,787,1.25,7.864,2289.316
03-10-2019 19:00,788,1.252,7.615,2118.547
03-10-2019 20:00,789,1.254,7.297,1899.205
03-10-2019 21:00,790,1.256,6.941,1670.687
03-10-2019 22:00,791,1.257,6.54,1414.048
03-10-2019 23:00,792,1.253,6.163,1195.848
04-10-2019 00:00,793,1.245,6.075,1147.747
04-10-2019 01:00,794,1.237,6.008,1112.876
04-10-2019 02:00,795,1.232,5.799,1003.649
04-10-2019 03:00,796,1.228,5.779,993.097
04-10-2019 04:00,797,1.224,5.72,958.807
04-10-2019 05:00,798,1.221,5.455,834.696
04-10-2019 06:00,799,1.22,4.946,610.845
04-10-2019 07:00,800,1.219,5.193,714.423
04-10-2019 08:00,801,1.22,5.496,849.649
04-10-2019 09:00,802,1.223,5.717,958.576
04-10-2019 10:00,803,1.226,5.524,864.146
04-10-2019 11:00,804,1.23,4.584,475.816
04-10-2019 12:00,805,1.233,3.922,273.592
04-10-2019 13:00,806,1.236,4.09,319.456
04-10-2019 14:00,807,1.239,4.687,512.658
04-10-2019 15:00,808,1.242,5.047,655.391
04-10-2019 16:00,809,1.245,5.94,1072.277
04-10-2019 17:00,810,1.247,7.396,1972.276
04-10-2019 18:00,811,1.25,8.215,2527.658
04-10-2019 19:00,812,1.252,8.369,2632.547
04-10-2019 20:00,813,1.255,8.007,2389.381
04-10-2019 21:00,814,1.256,7.623,2125.154
04-10-2019 22:00,815,1.256,7.382,1958.049
04-10-2019 23:00,816,1.251,7.076,1756.248
05-10-2019 00:00,817,1.239,6.724,1529.566
05-10-2019 01:00,818,1.226,6.373,1318.632
05-10-2019 02:00,819,1.217,6.073,1145.963
05-10-2019 03:00,820,1.213,5.718,958.592
05-10-2019 04:00,821,1.21,5.279,753.822
05-10-2019 05:00,822,1.208,4.655,504.322
05-10-2019 06:00,823,1.207,4.032,305.314
05-10-2019 07:00,824,1.208,1.998,7.832
05-10-2019 08:00,825,1.21,2.971,83.492
05-10-2019 09:00,826,1.213,4.994,630.003
05-10-2019 10:00,827,1.216,5.526,866.236
05-10-2019 11:00,828,1.219,5.894,1048.1
05-10-2019 12:00,829,1.223,6.173,1203.61
05-10-2019 13:00,830,1.226,6.407,1334.827
05-10-2019 14:00,831,1.229,6.457,1368.364
05-10-2019 15:00,832,1.232,5.7,953.182
05-10-2019 16:00,833,1.236,5.891,1046.644
05-10-2019 17:00,834,1.24,6.518,1401.085
05-10-2019 18:00,835,1.242,7.031,1723.604
05-10-2019 19:00,836,1.245,7.185,1828.314
05-10-2019 20:00,837,1.247,7.094,1766.811
05-10-2019 21:00,838,1.248,6.854,1613.034
05-10-2019 22:00,839,1.247,6.854,1613.048
05-10-2019 23:00,840,1.241,7.057,1740.67
06-10-2019 00:00,841,1.227,7.259,1880.352
06-10-2019 01:00,842,1.214,7.566,2081.263
06-10-2019 02:00,843,1.204,7.72,2187.271
06-10-2019 03:00,844,1.197,7.508,2047.236
06-10-2019 04:00,845,1.192,7.299,1901.094
06-10-2019 05:00,846,1.189,7.06,1742.275
06-10-2019 06:00,847,1.188,5.95,1083.034
06-10-2019 07:00,848,1.188,4.609,484.612
06-10-2019 08:00,849,1.191,6.126,1173.548
06-10-2019 09:00,850,1.196,7.115,1781.874
06-10-2019 10:00,851,1.201,8.437,2683.974
06-10-2019 11:00,852,1.205,9.011,3063.954
06-10-2019 12:00,853,1.209,9.301,3239.313
06-10-2019 13:00,854,1.212,9.458,3338.892
06-10-2019 14:00,855,1.215,9.257,3216.826
06-10-2019 15:00,856,1.218,9.122,3128.251
06-10-2019 16:00,857,1.221,10.234,3756.07
06-10-2019 17:00,858,1.224,10.592,3924.744
06-10-2019 18:00,859,1.226,10.49,3882.843
06-10-2019 19:00,860,1.228,9.779,3517.695
06-10-2019 20:00,861,1.23,9.321,3251.548
06-10-2019 21:00,862,1.23,9.163,3156.302
06-10-2019 22:00,863,1.229,9.094,3110.466
06-10-2019 23:00,864,1.224,9.03,3076.701
07-10-2019 00:00,865,1.213,8.873,2969.141
07-10-2019 01:00,866,1.202,8.653,2828.967
07-10-2019 02:00,867,1.194,8.423,2674.314
07-10-2019 03:00,868,1.189,8.21,2524.022
07-10-2019 04:00,869,1.187,8.101,2455.452
07-10-2019 05:00,870,1.185,8.145,2483.245
07-10-2019 06:00,871,1.185,7.647,2143.331
07-10-2019 07:00,872,1.187,6.517,1400.291
07-10-2019 08:00,873,1.191,8.516,2735.167
07-10-2019 09:00,874,1.196,9.382,3288.335
07-10-2019 10:00,875,1.2,10.369,3825.658
07-10-2019 11:00,876,1.203,11.525,4282.45
07-10-2019 12:00,877,1.206,12.214,4477.962
07-10-2019 13:00,878,1.208,12.287,4494.217
07-10-2019 14:00,879,1.21,11.531,4285.637
07-10-2019 15:00,880,1.213,10.746,3992.587
07-10-2019 16:00,881,1.215,10.242,3759.835
07-10-2019 17:00,882,1.218,8.952,3020.355
07-10-2019 18:00,883,1.22,7.756,2215.324
07-10-2019 19:00,884,1.222,7.081,1761.856
07-10-2019 20:00,885,1.224,6.426,1348.214
07-10-2019 21:00,886,1.227,5.578,893.037
07-10-2019 22:00,887,1.228,5.228,728.111
07-10-2019 23:00,888,1.227,5.283,756.279
08-10-2019 00:00,889,1.222,5.542,876.031
08-10-2019 01:00,890,1.216,5.712,958.4
08-10-2019 02:00,891,1.212,6.202,1217.625
08-10-2019 03:00,892,1.208,6.721,1525.729
08-10-2019 04:00,893,1.205,7.04,1729.031
08-10-2019 05:00,894,1.203,7.285,1894.643
08-10-2019 06:00,895,1.202,7.161,1809.25
08-10-2019 07:00,896,1.202,7.2,1834.713
08-10-2019 08:00,897,1.204,7.729,2193.256
08-10-2019 09:00,898,1.207,8.754,2893.41
08-10-2019 10:00,899,1.21,9.918,3597.431
08-10-2019 11:00,900,1.213,10.874,4046.526
08-10-2019 12:00,901,1.215,11.386,4234.403
08-10-2019 13:00,902,1.217,11.731,4344.66
08-10-2019 14:00,903,1.219,11.759,4355.8
08-10-2019 15:00,904,1.221,11.11,4136.04
08-10-2019 16:00,905,1.223,10.615,3936.091
08-10-2019 17:00,906,1.225,10.331,3807.928
08-10-2019 18:00,907,1.227,9.161,3153.257
08-10-2019 19:00,908,1.229,8.114,2460.824
08-10-2019 20:00,909,1.23,7.257,1876.836
08-10-2019 21:00,910,1.231,6.941,1670.691
08-10-2019 22:00,911,1.23,6.728,1534.466
08-10-2019 23:00,912,1.223,6.682,1502.133
09-10-2019 00:00,913,1.211,6.83,1600.159
09-10-2019 01:00,914,1.198,6.916,1652.894
09-10-2019 02:00,915,1.187,6.762,1555.981
09-10-2019 03:00,916,1.179,6.743,1545.317
09-10-2019 04:00,917,1.172,6.758,1554.508
09-10-2019 05:00,918,1.169,6.501,1390.596
09-10-2019 06:00,919,1.167,5.535,872.7
09-10-2019 07:00,920,1.168,4.282,379.48
09-10-2019 08:00,921,1.171,5.291,759.673
09-10-2019 09:00,922,1.176,6.63,1469.389
09-10-2019 10:00,923,1.18,8.282,2578.947
09-10-2019 11:00,924,1.184,9.43,3317.021
09-10-2019 12:00,925,1.187,10.282,3779.441
09-10-2019 13:00,926,1.19,10.641,3946.02
09-10-2019 14:00,927,1.193,10.744,3992.672
09-10-2019 15:00,928,1.197,11.049,4112.793
09-10-2019 16:00,929,1.201,11.691,4332.132
09-10-2019 17:00,930,1.205,12.095,4445.996
09-10-2019 18:00,931,1.208,11.928,4401.553
09-10-2019 19:00,932,1.211,11.612,4308.101
09-10-2019 20:00,933,1.214,11.295,4203.049
09-10-2019 21:00,934,1.215,10.972,4082.797
09-10-2019 22:00,935,1.215,10.786,4007.687
09-10-2019 23:00,936,1.213,10.442,3859.727
10-10-2019 00:00,937,1.207,9.204,3179.362
10-10-2019 01:00,938,1.201,8.484,2714.17
10-10-2019 02:00,939,1.197,7.974,2361.637
10-10-2019 03:00,940,1.194,7.582,2097.761
10-10-2019 04:00,941,1.193,6.924,1657.892
10-10-2019 05:00,942,1.192,6.937,1667.115
10-10-2019 06:00,943,1.193,6.893,1638.582
10-10-2019 07:00,944,1.196,6.327,1291.672
10-10-2019 08:00,945,1.201,6.099,1162.961
10-10-2019 09:00,946,1.207,5.632,914.961
10-10-2019 10:00,947,1.214,6.296,1269.837
10-10-2019 11:00,948,1.22,7.285,1894.632
10-10-2019 12:00,949,1.225,7.986,2373.876
10-10-2019 13:00,950,1.231,8.359,2626.746
10-10-2019 14:00,951,1.235,8.459,2694.173
10-10-2019 15:00,952,1.24,8.205,2521.106
10-10-2019 16:00,953,1.245,8.186,2507.657
10-10-2019 17:00,954,1.249,9.155,3152.279
10-10-2019 18:00,955,1.253,9.017,3063.868
10-10-2019 19:00,956,1.257,8.671,2842.28
10-10-2019 20:00,957,1.26,7.977,2364.117
10-10-2019 21:00,958,1.262,6.88,1626.266
10-10-2019 22:00,959,1.263,6.048,1134.305
10-10-2019 23:00,960,1.258,5.834,1017
11-10-2019 00:00,961,1.249,6.362,1309.53
11-10-2019 01:00,962,1.242,7.138,1798.72
11-10-2019 02:00,963,1.237,7.25,1868.332
11-10-2019 03:00,964,1.235,6.398,1329.592
11-10-2019 04:00,965,1.233,5.302,764.902
11-10-2019 05:00,966,1.232,4.685,511.91
11-10-2019 06:00,967,1.233,3.754,231.216
11-10-2019 07:00,968,1.234,3.105,101.973
11-10-2019 08:00,969,1.238,4.674,507.711
11-10-2019 09:00,970,1.242,5.869,1035.168
11-10-2019 10:00,971,1.246,6.283,1262.747
11-10-2019 11:00,972,1.25,6.51,1396.073
11-10-2019 12:00,973,1.253,6.62,1468.399
11-10-2019 13:00,974,1.257,6.502,1391.312
11-10-2019 14:00,975,1.26,6.261,1254.717
11-10-2019 15:00,976,1.263,5.366,789.204
11-10-2019 16:00,977,1.266,4.27,373.115
11-10-2019 17:00,978,1.269,3.427,158.973
11-10-2019 18:00,979,1.272,3.823,248.218
11-10-2019 19:00,980,1.275,5.197,717.549
11-10-2019 20:00,981,1.278,6.76,1555.942
11-10-2019 21:00,982,1.28,7.501,2038.201
11-10-2019 22:00,983,1.281,7.877,2297.061
11-10-2019 23:00,984,1.277,7.727,2191.684
12-10-2019 00:00,985,1.266,7.473,2018.464
12-10-2019 01:00,986,1.258,6.978,1688.774
12-10-2019 02:00,987,1.253,6.362,1309.316
12-10-2019 03:00,988,1.249,5.796,1002.117
12-10-2019 04:00,989,1.247,5.307,766.95
12-10-2019 05:00,990,1.245,4.574,472.333
12-10-2019 06:00,991,1.245,3.902,270.218
12-10-2019 07:00,992,1.246,2.146,12.623
12-10-2019 08:00,993,1.248,1.677,2.22
12-10-2019 09:00,994,1.252,2.304,20.311
12-10-2019 10:00,995,1.256,3.403,154.265
12-10-2019 11:00,996,1.259,4.094,320.636
12-10-2019 12:00,997,1.262,4.452,431.191
12-10-2019 13:00,998,1.265,4.683,511.121
12-10-2019 14:00,999,1.268,4.798,557.092
12-10-2019 15:00,1000,1.27,4.499,446.722
12-10-2019 16:00,1001,1.272,5.046,654.823
12-10-2019 17:00,1002,1.274,6.209,1225.57
12-10-2019 18:00,1003,1.275,7.28,1894.512
12-10-2019 19:00,1004,1.277,7.968,2357.908
12-10-2019 20:00,1005,1.278,8.179,2503.621
12-10-2019 21:00,1006,1.279,8.03,2407.249
12-10-2019 22:00,1007,1.28,7.896,2312.356
12-10-2019 23:00,1008,1.276,7.741,2207.47
13-10-2019 00:00,1009,1.266,7.316,1912.073
13-10-2019 01:00,1010,1.258,6.961,1683.6
13-10-2019 02:00,1011,1.254,6.586,1444.512
13-10-2019 03:00,1012,1.25,6.15,1186.941
13-10-2019 04:00,1013,1.248,5.707,957.005
13-10-2019 05:00,1014,1.246,5.016,638.914
13-10-2019 06:00,1015,1.245,3.843,253.278
13-10-2019 07:00,1016,1.246,2.387,24.677
13-10-2019 08:00,1017,1.248,3.06,95.086
13-10-2019 09:00,1018,1.251,3.136,106.767
13-10-2019 10:00,1019,1.255,3.691,216.203
13-10-2019 11:00,1020,1.258,4.478,439.813
13-10-2019 12:00,1021,1.261,5.09,669.071
13-10-2019 13:00,1022,1.264,5.338,776.778
13-10-2019 14:00,1023,1.267,5.323,772.873
13-10-2019 15:00,1024,1.269,4.911,596.974
13-10-2019 16:00,1025,1.272,4.673,507.379
13-10-2019 17:00,1026,1.275,4.819,561.787
13-10-2019 18:00,1027,1.278,5.125,684.04
13-10-2019 19:00,1028,1.28,5.493,848.117
13-10-2019 20:00,1029,1.282,5.782,994.9
13-10-2019 21:00,1030,1.284,5.713,958.445
13-10-2019 22:00,1031,1.285,5.348,781.209
13-10-2019 23:00,1032,1.28,4.762,539.955
14-10-2019 00:00,1033,1.269,4.149,339.257
14-10-2019 01:00,1034,1.262,3.83,249.931
14-10-2019 02:00,1035,1.257,3.706,221.892
14-10-2019 03:00,1036,1.254,3.431,159.897
14-10-2019 04:00,1037,1.251,3.291,133.242
14-10-2019 05:00,1038,1.249,3.249,125.891
14-10-2019 06:00,1039,1.248,3.207,120.043
14-10-2019 07:00,1040,1.248,3.575,190.033
14-10-2019 08:00,1041,1.251,5.642,919.854
14-10-2019 09:00,1042,1.255,7.012,1716.097
14-10-2019 10:00,1043,1.259,8.25,2552.271
14-10-2019 11:00,1044,1.262,9.143,3143.633
14-10-2019 12:00,1045,1.264,9.673,3462.484
14-10-2019 13:00,1046,1.267,9.92,3600.142
14-10-2019 14:00,1047,1.268,9.903,3589.348
14-10-2019 15:00,1048,1.27,9.01,3063.965
14-10-2019 16:00,1049,1.272,8.508,2732.34
14-10-2019 17:00,1050,1.274,8.484,2713.96
14-10-2019 18:00,1051,1.275,8.298,2589.6
14-10-2019 19:00,1052,1.276,8.064,2424.059
14-10-2019 20:00,1053,1.277,7.479,2022.362
14-10-2019 21:00,1054,1.277,6.853,1613.033
14-10-2019 22:00,1055,1.275,6.568,1431.399
14-10-2019 23:00,1056,1.269,6.396,1328.386
15-10-2019 00:00,1057,1.258,6.198,1215.084
15-10-2019 01:00,1058,1.248,6.121,1170.616
15-10-2019 02:00,1059,1.239,6.301,1272.996
15-10-2019 03:00,1060,1.232,5.925,1064.382
15-10-2019 04:00,1061,1.227,6.025,1120.276
15-10-2019 05:00,1062,1.224,6.185,1209.617
15-10-2019 06:00,1063,1.223,5.944,1076.738
15-10-2019 07:00,1064,1.224,6.363,1310.46
15-10-2019 08:00,1065,1.227,8.087,2441.744
15-10-2019 09:00,1066,1.23,8.451,2688.812
15-10-2019 10:00,1067,1.234,8.364,2629.709
15-10-2019 11:00,1068,1.236,8.117,2465.362
15-10-2019 12:00,1069,1.239,8.229,2537.11
15-10-2019 13:00,1070,1.241,8.941,3012.983
15-10-2019 14:00,1071,1.244,9.673,3462.46
15-10-2019 15:00,1072,1.247,10.063,3669.506
15-10-2019 16:00,1073,1.25,9.784,3520.432
15-10-2019 17:00,1074,1.253,9.504,3363.815
15-10-2019 18:00,1075,1.256,9.014,3063.911
15-10-2019 19:00,1076,1.259,7.944,2341.193
15-10-2019 20:00,1077,1.261,7.484,2028.555
15-10-2019 21:00,1078,1.263,7.317,1912.769
15-10-2019 22:00,1079,1.263,7.084,1761.919
15-10-2019 23:00,1080,1.26,7.029,1722.479
16-10-2019 00:00,1081,1.251,6.87,1625.196
16-10-2019 01:00,1082,1.239,6.525,1405.05
16-10-2019 02:00,1083,1.231,6.112,1165.945
16-10-2019 03:00,1084,1.225,5.44,823.675
16-10-2019 04:00,1085,1.221,4.631,495.793
16-10-2019 05:00,1086,1.219,3.696,218.674
16-10-2019 06:00,1087,1.218,2.953,81.048
16-10-2019 07:00,1088,1.219,1.901,5.526
16-10-2019 08:00,1089,1.222,2.791,60.824
16-10-2019 09:00,1090,1.225,5.13,685.835
16-10-2019 10:00,1091,1.227,6.185,1209.113
16-10-2019 11:00,1092,1.23,6.59,1444.636
16-10-2019 12:00,1093,1.232,6.601,1456.585
16-10-2019 13:00,1094,1.234,6.399,1330.036
16-10-2019 14:00,1095,1.235,5.457,835.625
16-10-2019 15:00,1096,1.238,4.289,381.737
16-10-2019 16:00,1097,1.24,3.296,134.205
16-10-2019 17:00,1098,1.243,2.436,27.928
16-10-2019 18:00,1099,1.245,1.659,2.112
16-10-2019 19:00,1100,1.247,1.117,0.087
16-10-2019 20:00,1101,1.249,1.109,0.079
16-10-2019 21:00,1102,1.251,1.964,7.062
16-10-2019 22:00,1103,1.253,3.096,100.615
16-10-2019 23:00,1104,1.252,3.839,252.191
17-10-2019 00:00,1105,1.246,4.086,318.375
17-10-2019 01:00,1106,1.234,3.992,292.226
17-10-2019 02:00,1107,1.223,3.56,186.697
17-10-2019 03:00,1108,1.217,2.931,76.972
17-10-2019 04:00,1109,1.213,2.269,18.089
17-10-2019 05:00,1110,1.21,1.913,5.777
17-10-2019 06:00,1111,1.21,1.975,7.225
17-10-2019 07:00,1112,1.21,2.2,15.187
17-10-2019 08:00,1113,1.213,1.492,0.907
17-10-2019 09:00,1114,1.216,1.114,0.084
17-10-2019 10:00,1115,1.219,1.135,0.1
17-10-2019 11:00,1116,1.222,1.17,0.13
17-10-2019 12:00,1117,1.224,1.302,0.314
17-10-2019 13:00,1118,1.227,1.36,0.43
17-10-2019 14:00,1119,1.23,1.288,0.29
17-10-2019 15:00,1120,1.233,1.239,0.199
17-10-2019 16:00,1121,1.237,1.567,1.369
17-10-2019 17:00,1122,1.24,2.33,21.737
17-10-2019 18:00,1123,1.243,3.128,105.82
17-10-2019 19:00,1124,1.245,3.857,256.721
17-10-2019 20:00,1125,1.247,4.529,459.884
17-10-2019 21:00,1126,1.248,5.177,705.761
17-10-2019 22:00,1127,1.249,5.674,935.58
17-10-2019 23:00,1128,1.248,6.247,1243.438
18-10-2019 00:00,1129,1.241,6.897,1638.699
18-10-2019 01:00,1130,1.23,7.308,1906.612
18-10-2019 02:00,1131,1.218,7.684,2162.381
18-10-2019 03:00,1132,1.21,8.074,2433.029
18-10-2019 04:00,1133,1.205,8.507,2730.902
18-10-2019 05:00,1134,1.203,8.721,2869.539
18-10-2019 06:00,1135,1.202,8.679,2842.244
18-10-2019 07:00,1136,1.204,6.815,1584.685
18-10-2019 08:00,1137,1.206,4.154,339.685
18-10-2019 09:00,1138,1.209,4.095,321.145
18-10-2019 10:00,1139,1.212,4.438,426.476
18-10-2019 11:00,1140,1.215,4.375,409.02
18-10-2019 12:00,1141,1.217,4.281,379.087
18-10-2019 13:00,1142,1.219,4.071,314.26
18-10-2019 14:00,1143,1.221,3.894,268.594
18-10-2019 15:00,1144,1.223,3.886,266.496
18-10-2019 16:00,1145,1.225,4.509,450.011
18-10-2019 17:00,1146,1.227,5.27,746.578
18-10-2019 18:00,1147,1.229,5.712,958.416
18-10-2019 19:00,1148,1.23,5.834,1016.772
18-10-2019 20:00,1149,1.232,5.684,940.838
18-10-2019 21:00,1150,1.233,5.306,766.68
18-10-2019 22:00,1151,1.233,4.664,506.188
18-10-2019 23:00,1152,1.233,4.243,364.724
19-10-2019 00:00,1153,1.228,3.952,283.834
19-10-2019 01:00,1154,1.219,3.693,217.173
19-10-2019 02:00,1155,1.208,3.467,168.963
19-10-2019 03:00,1156,1.2,3.213,120.962
19-10-2019 04:00,1157,1.196,2.947,79.894
19-10-2019 05:00,1158,1.193,2.675,47.644
19-10-2019 06:00,1159,1.192,2.55,37.07
19-10-2019 07:00,1160,1.192,2.152,12.847
19-10-2019 08:00,1161,1.194,1.086,0.063
19-10-2019 09:00,1162,1.197,0.736,0
19-10-2019 10:00,1163,1.2,1.646,1.994
19-10-2019 11:00,1164,1.202,2.718,52.846
19-10-2019 12:00,1165,1.205,3.342,142.629
19-10-2019 13:00,1166,1.208,3.558,186.349
19-10-2019 14:00,1167,1.211,3.472,169.969
19-10-2019 15:00,1168,1.214,3.277,130.678
19-10-2019 16:00,1169,1.217,2.61,41.598
19-10-2019 17:00,1170,1.22,1.798,3.832
19-10-2019 18:00,1171,1.223,1.342,0.39
19-10-2019 19:00,1172,1.225,1.642,1.958
19-10-2019 20:00,1173,1.227,2.38,24.273
19-10-2019 21:00,1174,1.228,3.174,113.042
19-10-2019 22:00,1175,1.229,3.93,275.663
19-10-2019 23:00,1176,1.226,4.685,511.685
20-10-2019 00:00,1177,1.219,5.391,800.739
20-10-2019 01:00,1178,1.208,6.017,1115.328
20-10-2019 02:00,1179,1.198,6.527,1406.206
20-10-2019 03:00,1180,1.191,7.015,1716.189
20-10-2019 04:00,1181,1.186,7.203,1836.728
20-10-2019 05:00,1182,1.185,6.277,1258.985
20-10-2019 06:00,1183,1.185,5.897,1049.787
20-10-2019 07:00,1184,1.186,5.756,976.877
20-10-2019 08:00,1185,1.19,5.193,714.034
20-10-2019 09:00,1186,1.194,5.798,1003.124
20-10-2019 10:00,1187,1.198,7.23,1854.4
20-10-2019 11:00,1188,1.202,8.835,2947.682
20-10-2019 12:00,1189,1.206,9.693,3473.766
20-10-2019 13:00,1190,1.209,9.018,3063.858
20-10-2019 14:00,1191,1.212,9.018,3063.863
20-10-2019 15:00,1192,1.216,9.841,3551.59
20-10-2019 16:00,1193,1.221,10.143,3711.973
20-10-2019 17:00,1194,1.225,10.279,3778.138
20-10-2019 18:00,1195,1.229,10.503,3884.035
20-10-2019 19:00,1196,1.233,10.194,3739.409
20-10-2019 20:00,1197,1.237,9.135,3136.607
20-10-2019 21:00,1198,1.24,8.835,2947.689
20-10-2019 22:00,1199,1.242,8.528,2745.536
20-10-2019 23:00,1200,1.24,8.445,2687.87
21-10-2019 00:00,1201,1.233,8.157,2489.878
21-10-2019 01:00,1202,1.223,8.157,2489.876
21-10-2019 02:00,1203,1.215,7.854,2283.242
21-10-2019 03:00,1204,1.21,7.23,1854.425
21-10-2019 04:00,1205,1.207,6.981,1691.546
21-10-2019 05:00,1206,1.205,6.621,1468.888
21-10-2019 06:00,1207,1.205,6.007,1112.126
21-10-2019 07:00,1208,1.206,4.059,310.924
21-10-2019 08:00,1209,1.21,4.027,303.84
21-10-2019 09:00,1210,1.214,6.529,1407.466
21-10-2019 10:00,1211,1.218,8.806,2928.053
21-10-2019 11:00,1212,1.221,9.263,3220.412
21-10-2019 12:00,1213,1.224,9.314,3247.154
21-10-2019 13:00,1214,1.227,9.19,3176.648
21-10-2019 14:00,1215,1.229,8.554,2762.082
21-10-2019 15:00,1216,1.232,8.651,2828.978
21-10-2019 16:00,1217,1.235,10.051,3663.355
21-10-2019 17:00,1218,1.238,10.657,3953.944
21-10-2019 18:00,1219,1.241,10.043,3659.377
21-10-2019 19:00,1220,1.243,9.482,3348.556
21-10-2019 20:00,1221,1.244,9.227,3193.577
21-10-2019 21:00,1222,1.246,9.111,3121.583
21-10-2019 22:00,1223,1.247,8.613,2797.914
21-10-2019 23:00,1224,1.245,8.006,2387.502
22-10-2019 00:00,1225,1.239,7.337,1928.246
22-10-2019 01:00,1226,1.227,6.815,1584.404
22-10-2019 02:00,1227,1.218,6.417,1344.885
22-10-2019 03:00,1228,1.211,6.123,1172.163
22-10-2019 04:00,1229,1.207,5.943,1075.305
22-10-2019 05:00,1230,1.204,5.655,926.458
22-10-2019 06:00,1231,1.204,5.165,700.901
22-10-2019 07:00,1232,1.205,3.192,116.358
22-10-2019 08:00,1233,1.207,1.307,0.325
22-10-2019 09:00,1234,1.21,0.999,0.03
22-10-2019 10:00,1235,1.214,2.012,8.205
22-10-2019 11:00,1236,1.218,3.041,92.274
22-10-2019 12:00,1237,1.222,3.672,211.781
22-10-2019 13:00,1238,1.226,3.783,238.282
22-10-2019 14:00,1239,1.229,3.612,198.502
22-10-2019 15:00,1240,1.233,3.484,172.38
22-10-2019 16:00,1241,1.238,3.507,175.936
22-10-2019 17:00,1242,1.242,3.865,259.882
22-10-2019 18:00,1243,1.245,4.547,464.067
22-10-2019 19:00,1244,1.249,5.413,810.6
22-10-2019 20:00,1245,1.252,6.155,1189.562
22-10-2019 21:00,1246,1.254,6.57,1432.367
22-10-2019 22:00,1247,1.256,6.75,1549.648
22-10-2019 23:00,1248,1.255,7.155,1808.088
23-10-2019 00:00,1249,1.248,7.721,2187.426
23-10-2019 01:00,1250,1.237,8.146,2484.919
23-10-2019 02:00,1251,1.227,8.514,2735.168
23-10-2019 03:00,1252,1.221,9.038,3076.592
23-10-2019 04:00,1253,1.216,9.581,3411.091
23-10-2019 05:00,1254,1.214,9.605,3419.645
23-10-2019 06:00,1255,1.215,8.962,3026.983
23-10-2019 07:00,1256,1.217,6.711,1524.631
23-10-2019 08:00,1257,1.22,5.161,699.341
23-10-2019 09:00,1258,1.225,6.092,1155.357
23-10-2019 10:00,1259,1.229,6.632,1470.281
23-10-2019 11:00,1260,1.233,6.331,1295.181
23-10-2019 12:00,1261,1.236,6.176,1203.723
23-10-2019 13:00,1262,1.239,6.368,1315.691
23-10-2019 14:00,1263,1.241,6.341,1296.554
23-10-2019 15:00,1264,1.243,6.854,1613.034
23-10-2019 16:00,1265,1.245,8.841,2948.056
23-10-2019 17:00,1266,1.247,9.362,3276.237
23-10-2019 18:00,1267,1.249,9.111,3121.629
23-10-2019 19:00,1268,1.25,9.027,3073.346
23-10-2019 20:00,1269,1.251,8.772,2905.027
23-10-2019 21:00,1270,1.252,8.401,2660.737
23-10-2019 22:00,1271,1.254,8.385,2643.829
23-10-2019 23:00,1272,1.253,8.409,2660.748
24-10-2019 00:00,1273,1.248,7.97,2358.781
24-10-2019 01:00,1274,1.239,7.504,2041.664
24-10-2019 02:00,1275,1.231,6.954,1676.453
24-10-2019 03:00,1276,1.224,6.344,1300.527
24-10-2019 04:00,1277,1.219,5.849,1024.448
24-10-2019 05:00,1278,1.217,5.616,907.311
24-10-2019 06:00,1279,1.216,5.624,910.891
24-10-2019 07:00,1280,1.218,4.604,482.767
24-10-2019 08:00,1281,1.221,3.036,91.599
24-10-2019 09:00,1282,1.224,2.551,37.215
24-10-2019 10:00,1283,1.228,2.437,27.984
24-10-2019 11:00,1284,1.23,2.488,31.72
24-10-2019 12:00,1285,1.232,2.649,45.148
24-10-2019 13:00,1286,1.233,2.769,57.407
24-10-2019 14:00,1287,1.234,2.699,50.696
24-10-2019 15:00,1288,1.235,2.875,69.839
24-10-2019 16:00,1289,1.236,4.137,335.791
24-10-2019 17:00,1290,1.237,6.595,1451.198
24-10-2019 18:00,1291,1.238,8.55,2761.785
24-10-2019 19:00,1292,1.238,8.888,2978.983
24-10-2019 20:00,1293,1.239,8.769,2901.76
24-10-2019 21:00,1294,1.24,8.819,2934.105
24-10-2019 22:00,1295,1.24,9.017,3063.873
24-10-2019 23:00,1296,1.24,9.201,3177.827
25-10-2019 00:00,1297,1.237,8.858,2959.452
25-10-2019 01:00,1298,1.234,8.226,2535.19
25-10-2019 02:00,1299,1.231,7.747,2207.572
25-10-2019 03:00,1300,1.23,7.723,2189.183
25-10-2019 04:00,1301,1.229,6.896,1638.685
25-10-2019 05:00,1302,1.23,6.714,1524.734
25-10-2019 06:00,1303,1.231,7.167,1817.267
25-10-2019 07:00,1304,1.234,6.834,1600.318
25-10-2019 08:00,1305,1.238,7.534,2063.666
25-10-2019 09:00,1306,1.241,8.44,2687.414
25-10-2019 10:00,1307,1.245,8.271,2566.981
25-10-2019 11:00,1308,1.248,8.062,2422.531
25-10-2019 12:00,1309,1.251,8.054,2421.063
25-10-2019 13:00,1310,1.254,8.117,2464.838
25-10-2019 14:00,1311,1.256,7.832,2269.43
25-10-2019 15:00,1312,1.258,6.545,1417.031
25-10-2019 16:00,1313,1.261,6.326,1290.319
25-10-2019 17:00,1314,1.263,6.726,1532.143
25-10-2019 18:00,1315,1.264,6.599,1455.589
25-10-2019 19:00,1316,1.266,6.315,1280.99
25-10-2019 20:00,1317,1.267,6.2,1215.121
25-10-2019 21:00,1318,1.268,6.478,1381.175
25-10-2019 22:00,1319,1.269,6.267,1254.91
25-10-2019 23:00,1320,1.268,6.08,1153.153
26-10-2019 00:00,1321,1.262,5.651,924.361
26-10-2019 01:00,1322,1.253,5.424,815.991
26-10-2019 02:00,1323,1.245,5.4,805.054
26-10-2019 03:00,1324,1.239,5.118,680.8
26-10-2019 04:00,1325,1.235,4.308,384.777
26-10-2019 05:00,1326,1.231,2.942,78.666
26-10-2019 06:00,1327,1.23,2.253,17.272
26-10-2019 07:00,1328,1.23,2.033,9.017
26-10-2019 08:00,1329,1.233,2.909,74.019
26-10-2019 09:00,1330,1.236,4.756,537.868
26-10-2019 10:00,1331,1.24,6.383,1320.478
26-10-2019 11:00,1332,1.242,7.16,1808.596
26-10-2019 12:00,1333,1.245,7.26,1880.759
26-10-2019 13:00,1334,1.247,7.041,1729.803
26-10-2019 14:00,1335,1.248,6.645,1478.142
26-10-2019 15:00,1336,1.25,5.788,997.729
26-10-2019 16:00,1337,1.251,5.951,1083.546
26-10-2019 17:00,1338,1.252,6.07,1143.232
26-10-2019 18:00,1339,1.253,5.849,1024.715
26-10-2019 19:00,1340,1.254,5.604,901.4
26-10-2019 20:00,1341,1.255,5.542,875.956
26-10-2019 21:00,1342,1.255,5.661,929.105
26-10-2019 22:00,1343,1.256,6.017,1115.332
26-10-2019 23:00,1344,1.254,6.467,1372.064
27-10-2019 00:00,1345,1.247,6.926,1657.949
27-10-2019 01:00,1346,1.237,7.166,1816.382
27-10-2019 02:00,1347,1.229,7.106,1775.116
27-10-2019 03:00,1348,1.224,6.838,1600.426
27-10-2019 04:00,1349,1.22,6.233,1239.198
27-10-2019 05:00,1350,1.217,5.902,1052.176
27-10-2019 06:00,1351,1.216,6.008,1112.958
27-10-2019 07:00,1352,1.217,5.277,752.279
27-10-2019 08:00,1353,1.22,6.251,1244.402
27-10-2019 09:00,1354,1.224,7.108,1775.186
27-10-2019 10:00,1355,1.227,7.525,2057.025
27-10-2019 11:00,1356,1.231,7.757,2217.638
27-10-2019 12:00,1357,1.234,7.729,2193.035
27-10-2019 13:00,1358,1.237,7.473,2017.945
27-10-2019 14:00,1359,1.239,6.885,1631.912
27-10-2019 15:00,1360,1.241,6.876,1625.877
27-10-2019 16:00,1361,1.243,7.492,2036.394
27-10-2019 17:00,1362,1.244,7.485,2029.766
27-10-2019 18:00,1363,1.246,7.331,1928.09
27-10-2019 19:00,1364,1.247,6.619,1468.195
27-10-2019 20:00,1365,1.248,5.417,812.51
27-10-2019 21:00,1366,1.248,3.958,285.484
27-10-2019 22:00,1367,1.247,2.205,15.397
27-10-2019 23:00,1368,1.245,0.922,0.011
28-10-2019 00:00,1369,1.238,2.867,68.77
28-10-2019 01:00,1370,1.229,5.281,755.22
28-10-2019 02:00,1371,1.22,7.076,1756.158
28-10-2019 03:00,1372,1.214,7.472,2017.805
28-10-2019 04:00,1373,1.21,7.354,1941.624
28-10-2019 05:00,1374,1.207,7.542,2064.97
28-10-2019 06:00,1375,1.207,7.744,2207.517
28-10-2019 07:00,1376,1.208,6.917,1654.464
28-10-2019 08:00,1377,1.21,6.234,1239.897
28-10-2019 09:00,1378,1.212,6.273,1256.927
28-10-2019 10:00,1379,1.215,6.605,1456.71
28-10-2019 11:00,1380,1.217,7.396,1972.793
28-10-2019 12:00,1381,1.219,7.882,2298.257
28-10-2019 13:00,1382,1.22,8.087,2441.745
28-10-2019 14:00,1383,1.222,8.373,2635.292
28-10-2019 15:00,1384,1.223,9.108,3119.421
28-10-2019 16:00,1385,1.224,9.419,3315.81
28-10-2019 17:00,1386,1.226,8.576,2779.839
28-10-2019 18:00,1387,1.227,7.494,2036.441
28-10-2019 19:00,1388,1.228,6.957,1679.577
28-10-2019 20:00,1389,1.23,7.609,2111.588
28-10-2019 21:00,1390,1.231,7.873,2297.005
28-10-2019 22:00,1391,1.232,7.422,1988.874
28-10-2019 23:00,1392,1.233,7.292,1896.248
29-10-2019 00:00,1393,1.232,6.624,1468.969
29-10-2019 01:00,1394,1.228,6.148,1185.979
29-10-2019 02:00,1395,1.226,5.613,905.69
29-10-2019 03:00,1396,1.224,5.402,805.911
29-10-2019 04:00,1397,1.223,5.162,699.63
29-10-2019 05:00,1398,1.223,4.556,466.227
29-10-2019 06:00,1399,1.224,4.202,352.297
29-10-2019 07:00,1400,1.226,3.94,278.275
29-10-2019 08:00,1401,1.229,4.09,319.552
29-10-2019 09:00,1402,1.232,5.055,658.403
29-10-2019 10:00,1403,1.234,6.632,1470.421
29-10-2019 11:00,1404,1.237,8.346,2620.798
29-10-2019 12:00,1405,1.239,8.972,3033.366
29-10-2019 13:00,1406,1.241,9.121,3127.819
29-10-2019 14:00,1407,1.243,9.356,3272.613
29-10-2019 15:00,1408,1.246,9.577,3407.737
29-10-2019 16:00,1409,1.248,9.644,3444.729
29-10-2019 17:00,1410,1.251,9.186,3172.605
29-10-2019 18:00,1411,1.252,8.647,2825.561
29-10-2019 19:00,1412,1.254,7.703,2175.055
29-10-2019 20:00,1413,1.255,6.88,1625.994
29-10-2019 21:00,1414,1.255,5.645,921.215
29-10-2019 22:00,1415,1.254,4.317,387.448
29-10-2019 23:00,1416,1.251,3.948,282.55
30-10-2019 00:00,1417,1.243,3.978,289.006
30-10-2019 01:00,1418,1.234,4.227,359.855
30-10-2019 02:00,1419,1.226,5.018,639.767
30-10-2019 03:00,1420,1.22,5.138,689.373
30-10-2019 04:00,1421,1.216,4.504,448.446
30-10-2019 05:00,1422,1.213,4.495,445.38
30-10-2019 06:00,1423,1.213,4.518,453.046
30-10-2019 07:00,1424,1.214,4.419,420.5
30-10-2019 08:00,1425,1.216,4.631,495.556
30-10-2019 09:00,1426,1.218,5.062,661.289
30-10-2019 10:00,1427,1.219,5.914,1058.806
30-10-2019 11:00,1428,1.219,6.682,1502.088
30-10-2019 12:00,1429,1.22,7.038,1728.19
30-10-2019 13:00,1430,1.22,7.265,1881.254
30-10-2019 14:00,1431,1.22,6.901,1639.132
30-10-2019 15:00,1432,1.22,6.811,1582.037
30-10-2019 16:00,1433,1.22,7.584,2097.814
30-10-2019 17:00,1434,1.22,7.561,2078.076
30-10-2019 18:00,1435,1.221,7.809,2248.124
30-10-2019 19:00,1436,1.221,8.242,2551.583
30-10-2019 20:00,1437,1.222,7.829,2267.81
30-10-2019 21:00,1438,1.222,7.843,2273.425
30-10-2019 22:00,1439,1.222,7.362,1944.065
30-10-2019 23:00,1440,1.222,6.417,1344.667
31-10-2019 00:00,1441,1.219,6.816,1585.035
31-10-2019 01:00,1442,1.214,7.335,1928.204
31-10-2019 02:00,1443,1.21,6.492,1389.885
31-10-2019 03:00,1444,1.208,6.226,1233.482
31-10-2019 04:00,1445,1.208,6.255,1249.495
31-10-2019 05:00,1446,1.21,7.613,2115.7
31-10-2019 06:00,1447,1.213,7.316,1912.205
31-10-2019 07:00,1448,1.217,7.554,2073.17
31-10-2019 08:00,1449,1.223,8.948,3017.47
31-10-2019 09:00,1450,1.229,10.124,3701.051
31-10-2019 10:00,1451,1.233,11.299,4204.461
31-10-2019 11:00,1452,1.236,12.213,4478.012
31-10-2019 12:00,1453,1.24,12.958,4637.26
31-10-2019 13:00,1454,1.243,13.533,4733.363
31-10-2019 14:00,1455,1.247,13.538,4733.242
31-10-2019 15:00,1456,1.251,12.649,4578.318
31-10-2019 16:00,1457,1.255,11.781,4362.027
31-10-2019 17:00,1458,1.259,11.223,4177.469
31-10-2019 18:00,1459,1.262,10.988,4092.427
31-10-2019 19:00,1460,1.265,10.872,4046.621
31-10-2019 20:00,1461,1.268,10.587,3923.155
31-10-2019 21:00,1462,1.27,9.848,3555.602
31-10-2019 22:00,1463,1.271,9.077,3100.215
31-10-2019 23:00,1464,1.27,8.015,2393.523
01-11-2019 00:00,1465,1.264,7.805,2245.197
01-11-2019 01:00,1466,1.256,7.632,2128.514
01-11-2019 02:00,1467,1.251,7.263,1881.194
01-11-2019 03:00,1468,1.247,7.003,1706.529
01-11-2019 04:00,1469,1.244,6.553,1422.364
01-11-2019 05:00,1470,1.241,6.329,1293.531
01-11-2019 06:00,1471,1.24,6.145,1184.514
01-11-2019 07:00,1472,1.241,5.774,988.025
01-11-2019 08:00,1473,1.245,7.037,1727.102
01-11-2019 09:00,1474,1.248,8.231,2538.865
01-11-2019 10:00,1475,1.251,9.071,3096.072
01-11-2019 11:00,1476,1.254,9.09,3108.009
01-11-2019 12:00,1477,1.256,9.042,3079.066
01-11-2019 13:00,1478,1.258,9.046,3084.172
01-11-2019 14:00,1479,1.26,8.65,2828.458
01-11-2019 15:00,1480,1.263,7.825,2262.449
01-11-2019 16:00,1481,1.266,8.1,2454.791
01-11-2019 17:00,1482,1.268,8.135,2472.52
01-11-2019 18:00,1483,1.271,7.751,2209.5
01-11-2019 19:00,1484,1.273,7.119,1787.236
01-11-2019 20:00,1485,1.276,6.477,1379.941
01-11-2019 21:00,1486,1.277,6.151,1187.717
01-11-2019 22:00,1487,1.278,6.293,1268.514
01-11-2019 23:00,1488,1.278,6.451,1360.922
02-11-2019 00:00,1489,1.273,6.685,1506.316
02-11-2019 01:00,1490,1.268,7.032,1724.17
02-11-2019 02:00,1491,1.264,6.322,1286.159
02-11-2019 03:00,1492,1.262,5.295,761.553
02-11-2019 04:00,1493,1.261,4.558,467.062
02-11-2019 05:00,1494,1.261,4.356,400.012
02-11-2019 06:00,1495,1.263,5.313,769.416
02-11-2019 07:00,1496,1.266,5.618,908.224
02-11-2019 08:00,1497,1.272,7.729,2193.536
02-11-2019 09:00,1498,1.277,8.97,3031.525
02-11-2019 10:00,1499,1.281,9.605,3419.693
02-11-2019 11:00,1500,1.284,9.922,3600.07
02-11-2019 12:00,1501,1.287,10.077,3680.582
02-11-2019 13:00,1502,1.289,10.089,3683.611
02-11-2019 14:00,1503,1.291,9.746,3501.71
02-11-2019 15:00,1504,1.293,8.857,2958.798
02-11-2019 16:00,1505,1.295,8.439,2685.893
02-11-2019 17:00,1506,1.297,7.764,2221.268
02-11-2019 18:00,1507,1.298,7.385,1961.877
02-11-2019 19:00,1508,1.299,7.255,1875.198
02-11-2019 20:00,1509,1.3,6.755,1552.484
02-11-2019 21:00,1510,1.301,6.47,1372.302
02-11-2019 22:00,1511,1.301,6.173,1203.615
02-11-2019 23:00,1512,1.299,5.859,1029.963
03-11-2019 00:00,1513,1.294,5.581,894.187
03-11-2019 01:00,1514,1.285,5.549,879.304
03-11-2019 02:00,1515,1.277,5.635,916.498
03-11-2019 03:00,1516,1.27,5.588,894.403
03-11-2019 04:00,1517,1.264,5.498,850.241
03-11-2019 05:00,1518,1.261,5.329,773.051
03-11-2019 06:00,1519,1.259,5.091,669.714
03-11-2019 07:00,1520,1.26,5.473,838.732
03-11-2019 08:00,1521,1.263,5.84,1019.879
03-11-2019 09:00,1522,1.267,6.137,1179.605
03-11-2019 10:00,1523,1.269,6.402,1331.524
03-11-2019 11:00,1524,1.272,6.744,1545.716
03-11-2019 12:00,1525,1.273,6.967,1683.778
03-11-2019 13:00,1526,1.275,7.012,1716.106
03-11-2019 14:00,1527,1.276,6.859,1613.194
03-11-2019 15:00,1528,1.277,6.108,1164.712
03-11-2019 16:00,1529,1.278,6.54,1414.235
03-11-2019 17:00,1530,1.279,7.112,1778.279
03-11-2019 18:00,1531,1.28,7.258,1878.48
03-11-2019 19:00,1532,1.28,7.239,1865.997
03-11-2019 20:00,1533,1.281,6.996,1703.214
03-11-2019 21:00,1534,1.281,6.579,1443.733
03-11-2019 22:00,1535,1.281,6.071,1144.005
03-11-2019 23:00,1536,1.279,5.545,877.228
04-11-2019 00:00,1537,1.273,5.083,666.225
04-11-2019 01:00,1538,1.263,4.768,542.33
04-11-2019 02:00,1539,1.253,4.538,463.203
04-11-2019 03:00,1540,1.245,4.335,393.129
04-11-2019 04:00,1541,1.24,4.189,348.356
04-11-2019 05:00,1542,1.237,4.289,381.674
04-11-2019 06:00,1543,1.236,4.609,484.577
04-11-2019 07:00,1544,1.238,4.243,364.65
04-11-2019 08:00,1545,1.24,2.702,51.131
04-11-2019 09:00,1546,1.243,3.827,249.042
04-11-2019 10:00,1547,1.245,5.409,809.102
04-11-2019 11:00,1548,1.247,5.76,979.033
04-11-2019 12:00,1549,1.249,5.599,899.025
04-11-2019 13:00,1550,1.25,5.239,732.645
04-11-2019 14:00,1551,1.251,4.63,495.375
04-11-2019 15:00,1552,1.252,5.159,698.077
04-11-2019 16:00,1553,1.254,6.74,1543.224
04-11-2019 17:00,1554,1.256,7.733,2198.175
04-11-2019 18:00,1555,1.258,8.086,2441.73
04-11-2019 19:00,1556,1.26,8.163,2494.546
04-11-2019 20:00,1557,1.262,8.064,2424.032
04-11-2019 21:00,1558,1.264,7.959,2351.323
04-11-2019 22:00,1559,1.265,7.969,2358.315
04-11-2019 23:00,1560,1.266,7.702,2174.684
05-11-2019 00:00,1561,1.263,6.968,1683.814
05-11-2019 01:00,1562,1.259,6.007,1111.5
05-11-2019 02:00,1563,1.257,6.004,1108.587
05-11-2019 03:00,1564,1.255,7.272,1884.383
05-11-2019 04:00,1565,1.255,7.255,1874.451
05-11-2019 05:00,1566,1.255,8.175,2503.595
05-11-2019 06:00,1567,1.257,9.898,3586.761
05-11-2019 07:00,1568,1.26,10.252,3765.014
05-11-2019 08:00,1569,1.264,12.141,4458.107
05-11-2019 09:00,1570,1.267,13.269,4691.464
05-11-2019 10:00,1571,1.269,13.639,4747.228
05-11-2019 11:00,1572,1.271,13.758,4764.636
05-11-2019 12:00,1573,1.273,13.551,4734.751
05-11-2019 13:00,1574,1.275,13.285,4694.131
05-11-2019 14:00,1575,1.277,12.803,4607.624
05-11-2019 15:00,1576,1.28,11.781,4362.04
05-11-2019 16:00,1577,1.283,10.723,3980.851
05-11-2019 17:00,1578,1.286,9.906,3589.249
05-11-2019 18:00,1579,1.288,9.126,3131.208
05-11-2019 19:00,1580,1.291,8.387,2645.093
05-11-2019 20:00,1581,1.293,7.746,2207.561
05-11-2019 21:00,1582,1.294,7.312,1909.22
05-11-2019 22:00,1583,1.295,6.823,1591.552
05-11-2019 23:00,1584,1.294,6.372,1318.601
06-11-2019 00:00,1585,1.29,6.096,1160.042
06-11-2019 01:00,1586,1.283,5.775,989.374
06-11-2019 02:00,1587,1.278,5.555,882.039
06-11-2019 03:00,1588,1.275,5.239,732.9
06-11-2019 04:00,1589,1.273,4.928,603.57
06-11-2019 05:00,1590,1.272,4.708,520.106
06-11-2019 06:00,1591,1.272,4.542,463.911
06-11-2019 07:00,1592,1.274,3.295,133.96
06-11-2019 08:00,1593,1.276,3.556,185.733
06-11-2019 09:00,1594,1.278,4.85,573.315
06-11-2019 10:00,1595,1.28,5.484,843.672
06-11-2019 11:00,1596,1.282,5.825,1012.3
06-11-2019 12:00,1597,1.284,6.219,1226.436
06-11-2019 13:00,1598,1.286,6.502,1391.433
06-11-2019 14:00,1599,1.288,6.752,1550.746
06-11-2019 15:00,1600,1.29,6.695,1512.302
06-11-2019 16:00,1601,1.293,6.129,1175.082
06-11-2019 17:00,1602,1.295,6.266,1254.882
06-11-2019 18:00,1603,1.297,6.652,1482.905
06-11-2019 19:00,1604,1.3,7.29,1894.878
06-11-2019 20:00,1605,1.302,7.509,2048.006
06-11-2019 21:00,1606,1.304,7.258,1878.069
06-11-2019 22:00,1607,1.306,6.773,1558.322
06-11-2019 23:00,1608,1.306,6.852,1612.996
07-11-2019 00:00,1609,1.303,6.876,1625.878
07-11-2019 01:00,1610,1.298,6.504,1392.783
07-11-2019 02:00,1611,1.294,7.12,1787.625
07-11-2019 03:00,1612,1.29,7.724,2189.578
07-11-2019 04:00,1613,1.287,7.495,2036.455
07-11-2019 05:00,1614,1.284,6.79,1568.697
07-11-2019 06:00,1615,1.282,6.239,1242.652
07-11-2019 07:00,1616,1.282,6.528,1406.863
07-11-2019 08:00,1617,1.282,9.722,3486.012
07-11-2019 09:00,1618,1.283,10.389,3830.865
07-11-2019 10:00,1619,1.283,10.559,3909.056
07-11-2019 11:00,1620,1.282,10.624,3940.936
07-11-2019 12:00,1621,1.282,10.611,3932.439
07-11-2019 13:00,1622,1.282,10.489,3882.197
07-11-2019 14:00,1623,1.281,10.103,3694.047
07-11-2019 15:00,1624,1.281,8.89,2979.976
07-11-2019 16:00,1625,1.281,7.516,2050.094
07-11-2019 17:00,1626,1.282,6.752,1550.728
07-11-2019 18:00,1627,1.283,6.608,1456.811
07-11-2019 19:00,1628,1.284,6.61,1457.258
07-11-2019 20:00,1629,1.285,6.368,1316.047
07-11-2019 21:00,1630,1.286,6.361,1308.54
07-11-2019 22:00,1631,1.286,6.012,1115.178
07-11-2019 23:00,1632,1.287,5.447,829.817
08-11-2019 00:00,1633,1.284,5.449,831.093
08-11-2019 01:00,1634,1.279,5.412,810.195
08-11-2019 02:00,1635,1.275,7.215,1845.023
08-11-2019 03:00,1636,1.272,7.247,1867.945
08-11-2019 04:00,1637,1.27,6.509,1395.614
08-11-2019 05:00,1638,1.269,7.656,2149.546
08-11-2019 06:00,1639,1.269,8.008,2390.402
08-11-2019 07:00,1640,1.272,8.321,2607.222
08-11-2019 08:00,1641,1.276,9.173,3164.794
08-11-2019 09:00,1642,1.279,9.22,3189.469
08-11-2019 10:00,1643,1.282,9.528,3375.042
08-11-2019 11:00,1644,1.285,9.837,3551.312
08-11-2019 12:00,1645,1.287,10.076,3679.297
08-11-2019 13:00,1646,1.289,10.155,3719.329
08-11-2019 14:00,1647,1.29,9.807,3532.9
08-11-2019 15:00,1648,1.292,8.434,2679.467
08-11-2019 16:00,1649,1.294,7.147,1806.008
08-11-2019 17:00,1650,1.296,6.527,1406.575
08-11-2019 18:00,1651,1.298,6.682,1502.119
08-11-2019 19:00,1652,1.299,6.905,1641.791
08-11-2019 20:00,1653,1.3,6.603,1456.649
08-11-2019 21:00,1654,1.3,6.089,1153.695
08-11-2019 22:00,1655,1.299,5.496,849.485
08-11-2019 23:00,1656,1.297,4.891,589.188
09-11-2019 00:00,1657,1.29,4.193,349.61
09-11-2019 01:00,1658,1.28,3.323,139.017
09-11-2019 02:00,1659,1.268,2.617,42.226
09-11-2019 03:00,1660,1.26,2.26,17.625
09-11-2019 04:00,1661,1.254,2.416,26.55
09-11-2019 05:00,1662,1.25,2.976,84.157
09-11-2019 06:00,1663,1.248,3.618,200.884
09-11-2019 07:00,1664,1.248,3.701,220.716
09-11-2019 08:00,1665,1.25,2.756,55.939
09-11-2019 09:00,1666,1.251,4.196,350.488
09-11-2019 10:00,1667,1.253,5.184,709.177
09-11-2019 11:00,1668,1.254,5.463,837.087
09-11-2019 12:00,1669,1.255,5.523,863.285
09-11-2019 13:00,1670,1.257,5.462,837.035
09-11-2019 14:00,1671,1.258,4.81,561.536
09-11-2019 15:00,1672,1.259,5.092,670.269
09-11-2019 16:00,1673,1.26,6.343,1298.75
09-11-2019 17:00,1674,1.261,7.009,1714.562
09-11-2019 18:00,1675,1.261,7.443,2002.458
09-11-2019 19:00,1676,1.262,7.487,2032.646
09-11-2019 20:00,1677,1.262,7.064,1744.757
09-11-2019 21:00,1678,1.261,6.442,1359.974
09-11-2019 22:00,1679,1.26,5.746,972.01
09-11-2019 23:00,1680,1.259,5.367,789.917
10-11-2019 00:00,1681,1.254,5.321,772.791
10-11-2019 01:00,1682,1.247,5.531,870.782
10-11-2019 02:00,1683,1.239,6.041,1127.812
10-11-2019 03:00,1684,1.232,6.861,1614.907
10-11-2019 04:00,1685,1.227,7.556,2074.581
10-11-2019 05:00,1686,1.225,7.45,2002.896
10-11-2019 06:00,1687,1.225,7.526,2058.441
10-11-2019 07:00,1688,1.225,7.31,1907.996
10-11-2019 08:00,1689,1.227,5.876,1038.826
10-11-2019 09:00,1690,1.228,4.871,585
10-11-2019 10:00,1691,1.229,5.906,1054.695
10-11-2019 11:00,1692,1.229,6.271,1255.715
10-11-2019 12:00,1693,1.229,6.06,1137.404
10-11-2019 13:00,1694,1.23,6.148,1185.751
10-11-2019 14:00,1695,1.23,6.525,1405.475
10-11-2019 15:00,1696,1.23,6.909,1644.681
10-11-2019 16:00,1697,1.231,7.076,1757.24
10-11-2019 17:00,1698,1.231,7.023,1718.011
10-11-2019 18:00,1699,1.232,6.961,1683.62
10-11-2019 19:00,1700,1.233,6.944,1670.77
10-11-2019 20:00,1701,1.234,6.998,1703.257
10-11-2019 21:00,1702,1.235,7.344,1934.224
10-11-2019 22:00,1703,1.237,7.202,1836.327
10-11-2019 23:00,1704,1.238,6.813,1583.674
11-11-2019 00:00,1705,1.237,6.583,1444.434
11-11-2019 01:00,1706,1.234,6.292,1267.589
11-11-2019 02:00,1707,1.231,6.116,1168.096
11-11-2019 03:00,1708,1.228,5.727,962.359
11-11-2019 04:00,1709,1.228,5.332,773.901
11-11-2019 05:00,1710,1.228,5.111,677.968
11-11-2019 06:00,1711,1.231,5.148,693.417
11-11-2019 07:00,1712,1.235,5.426,816.893
11-11-2019 08:00,1713,1.241,5.858,1029.349
11-11-2019 09:00,1714,1.246,6.672,1499.764
11-11-2019 10:00,1715,1.251,7.655,2149.221
11-11-2019 11:00,1716,1.255,8.374,2636.14
11-11-2019 12:00,1717,1.259,8.821,2935.498
11-11-2019 13:00,1718,1.262,8.924,3006.146
11-11-2019 14:00,1719,1.265,8.707,2864.567
11-11-2019 15:00,1720,1.269,9.311,3245.381
11-11-2019 16:00,1721,1.273,10.176,3729.344
11-11-2019 17:00,1722,1.277,10.155,3719.314
11-11-2019 18:00,1723,1.28,9.062,3090.779
11-11-2019 19:00,1724,1.283,8.299,2591.262
11-11-2019 20:00,1725,1.286,8.242,2551.58
11-11-2019 21:00,1726,1.288,7.135,1794.455
11-11-2019 22:00,1727,1.29,6.457,1368.295
11-11-2019 23:00,1728,1.291,5.864,1032.349
12-11-2019 00:00,1729,1.287,5.753,975.346
12-11-2019 01:00,1730,1.282,5.425,816.382
12-11-2019 02:00,1731,1.278,5.1,673.226
12-11-2019 03:00,1732,1.276,4.871,585.006
12-11-2019 04:00,1733,1.275,4.426,422.564
12-11-2019 05:00,1734,1.274,3.937,277.533
12-11-2019 06:00,1735,1.275,3.282,131.588
12-11-2019 07:00,1736,1.277,2.316,20.953
12-11-2019 08:00,1737,1.279,1.932,6.207
12-11-2019 09:00,1738,1.28,2.847,66.406
12-11-2019 10:00,1739,1.281,3.409,155.428
12-11-2019 11:00,1740,1.282,3.691,216.169
12-11-2019 12:00,1741,1.283,3.74,227.681
12-11-2019 13:00,1742,1.283,3.393,152.419
12-11-2019 14:00,1743,1.284,2.686,48.732
12-11-2019 15:00,1744,1.284,1.776,3.4
12-11-2019 16:00,1745,1.286,1.063,0.051
12-11-2019 17:00,1746,1.287,1.044,0.045
12-11-2019 18:00,1747,1.288,1.514,1.016
12-11-2019 19:00,1748,1.289,2.249,17.094
12-11-2019 20:00,1749,1.289,2.96,82.043
12-11-2019 21:00,1750,1.291,3.312,137.106
12-11-2019 22:00,1751,1.292,3.793,240.549
12-11-2019 23:00,1752,1.293,4.226,359.484
13-11-2019 00:00,1753,1.292,4.289,381.63
13-11-2019 01:00,1754,1.29,4.317,387.55
13-11-2019 02:00,1755,1.289,4.219,357.404
13-11-2019 03:00,1756,1.288,4.131,333.997
13-11-2019 04:00,1757,1.287,4.066,312.696
13-11-2019 05:00,1758,1.287,3.987,290.858
13-11-2019 06:00,1759,1.289,3.862,258.329
13-11-2019 07:00,1760,1.291,3.859,257.303
13-11-2019 08:00,1761,1.294,4.231,361.148
13-11-2019 09:00,1762,1.297,4.368,406.275
13-11-2019 10:00,1763,1.299,4.588,477.209
13-11-2019 11:00,1764,1.302,5.197,717.115
13-11-2019 12:00,1765,1.304,6.174,1203.65
13-11-2019 13:00,1766,1.306,7.41,1975.703
13-11-2019 14:00,1767,1.308,8.385,2643.892
13-11-2019 15:00,1768,1.311,8.912,2995.751
13-11-2019 16:00,1769,1.313,8.785,2914.94
13-11-2019 17:00,1770,1.315,8.594,2784.574
13-11-2019 18:00,1771,1.316,8.386,2644.24
13-11-2019 19:00,1772,1.318,8.153,2489.845
13-11-2019 20:00,1773,1.32,7.738,2204.418
13-11-2019 21:00,1774,1.321,7.285,1894.626
13-11-2019 22:00,1775,1.323,6.821,1589.094
13-11-2019 23:00,1776,1.324,5.972,1094.598
14-11-2019 00:00,1777,1.322,5.435,820.789
14-11-2019 01:00,1778,1.318,5.222,725.323
14-11-2019 02:00,1779,1.314,4.956,614.758
14-11-2019 03:00,1780,1.311,4.8,557.728
14-11-2019 04:00,1781,1.308,4.525,457.377
14-11-2019 05:00,1782,1.306,4.662,506.145
14-11-2019 06:00,1783,1.305,5.114,679.182
14-11-2019 07:00,1784,1.306,5.997,1102.903
14-11-2019 08:00,1785,1.307,7.307,1906.408
14-11-2019 09:00,1786,1.309,9.095,3111.364
14-11-2019 10:00,1787,1.31,10.266,3771.654
14-11-2019 11:00,1788,1.312,10.871,4046.642
14-11-2019 12:00,1789,1.313,10.905,4058.59
14-11-2019 13:00,1790,1.315,10.498,3882.533
14-11-2019 14:00,1791,1.316,9.686,3469.17
14-11-2019 15:00,1792,1.318,7.951,2346.334
14-11-2019 16:00,1793,1.32,6.788,1567.328
14-11-2019 17:00,1794,1.322,6.644,1477.982
14-11-2019 18:00,1795,1.324,6.022,1117.046
14-11-2019 19:00,1796,1.326,5.361,787.087
14-11-2019 20:00,1797,1.327,5.157,697.468
14-11-2019 21:00,1798,1.328,5.175,705.007
14-11-2019 22:00,1799,1.329,5.39,800.173
14-11-2019 23:00,1800,1.329,5.552,880.566
15-11-2019 00:00,1801,1.325,5.557,883.189
15-11-2019 01:00,1802,1.318,5.438,822.453
15-11-2019 02:00,1803,1.313,5.444,827.002
15-11-2019 03:00,1804,1.309,5.619,908.377
15-11-2019 04:00,1805,1.306,5.496,849.478
15-11-2019 05:00,1806,1.303,5.541,875.381
15-11-2019 06:00,1807,1.302,5.47,837.443
15-11-2019 07:00,1808,1.303,5.819,1009.09
15-11-2019 08:00,1809,1.305,6.601,1456.581
15-11-2019 09:00,1810,1.307,8.546,2756.064
15-11-2019 10:00,1811,1.309,10.69,3966.704
15-11-2019 11:00,1812,1.31,11.978,4414.698
15-11-2019 12:00,1813,1.312,12.661,4578.944
15-11-2019 13:00,1814,1.313,12.989,4645.151
15-11-2019 14:00,1815,1.315,12.456,4533.788
15-11-2019 15:00,1816,1.316,11.208,4171.968
15-11-2019 16:00,1817,1.319,9.884,3574.967
15-11-2019 17:00,1818,1.321,9.044,3081.167
15-11-2019 18:00,1819,1.323,9.775,3515.658
15-11-2019 19:00,1820,1.325,10.112,3694.925
15-11-2019 20:00,1821,1.327,10.515,3889.297
15-11-2019 21:00,1822,1.328,9.781,3519.024
15-11-2019 22:00,1823,1.328,8.53,2748.639
15-11-2019 23:00,1824,1.328,7.282,1894.558
16-11-2019 00:00,1825,1.324,7.442,2002.429
16-11-2019 01:00,1826,1.318,7.248,1867.958
16-11-2019 02:00,1827,1.312,7.191,1834.484
16-11-2019 03:00,1828,1.308,7.087,1762.021
16-11-2019 04:00,1829,1.305,7.069,1748.28
16-11-2019 05:00,1830,1.304,7.358,1941.736
16-11-2019 06:00,1831,1.303,7.173,1821.269
16-11-2019 07:00,1832,1.305,7.052,1737.204
16-11-2019 08:00,1833,1.308,7.556,2074.821
16-11-2019 09:00,1834,1.31,10.046,3660.805
16-11-2019 10:00,1835,1.312,10.832,4030.292
16-11-2019 11:00,1836,1.314,11.222,4177.15
16-11-2019 12:00,1837,1.316,11.274,4197.104
16-11-2019 13:00,1838,1.318,11.11,4135.943
16-11-2019 14:00,1839,1.32,10.42,3850.093
16-11-2019 15:00,1840,1.323,9.093,3110.174
16-11-2019 16:00,1841,1.326,8.635,2812.444
16-11-2019 17:00,1842,1.329,7.739,2205.607
16-11-2019 18:00,1843,1.331,7.147,1805.943
16-11-2019 19:00,1844,1.332,6.424,1348.173
16-11-2019 20:00,1845,1.334,5.694,947.869
16-11-2019 21:00,1846,1.334,5.197,717.53
16-11-2019 22:00,1847,1.333,4.364,403.762
16-11-2019 23:00,1848,1.332,3.476,170.817
17-11-2019 00:00,1849,1.327,3.207,119.925
17-11-2019 01:00,1850,1.318,2.805,61.904
17-11-2019 02:00,1851,1.309,2.188,14.343
17-11-2019 03:00,1852,1.302,1.85,4.557
17-11-2019 04:00,1853,1.297,1.905,5.622
17-11-2019 05:00,1854,1.294,2.173,13.719
17-11-2019 06:00,1855,1.293,2.9,72.943
17-11-2019 07:00,1856,1.293,3.991,291.967
17-11-2019 08:00,1857,1.295,3.236,125.05
17-11-2019 09:00,1858,1.296,2.566,38.486
17-11-2019 10:00,1859,1.296,3.024,89.82
17-11-2019 11:00,1860,1.296,3.4,153.687
17-11-2019 12:00,1861,1.295,3.981,289.422
17-11-2019 13:00,1862,1.294,4.454,431.768
17-11-2019 14:00,1863,1.293,5.379,795.127
17-11-2019 15:00,1864,1.292,6.386,1322.644
17-11-2019 16:00,1865,1.29,6.77,1556.246
17-11-2019 17:00,1866,1.289,6.928,1657.996
17-11-2019 18:00,1867,1.288,7.145,1804.572
17-11-2019 19:00,1868,1.287,7.346,1936.516
17-11-2019 20:00,1869,1.285,7.121,1788.175
17-11-2019 21:00,1870,1.285,6.692,1512.193
17-11-2019 22:00,1871,1.285,6.361,1307.775
17-11-2019 23:00,1872,1.286,6.156,1190.399
18-11-2019 00:00,1873,1.287,5.581,894.184
18-11-2019 01:00,1874,1.286,4.444,428.382
18-11-2019 02:00,1875,1.286,3.642,206.508
18-11-2019 03:00,1876,1.286,3.696,218.398
18-11-2019 04:00,1877,1.286,4.33,391.645
18-11-2019 05:00,1878,1.287,5.583,894.271
18-11-2019 06:00,1879,1.288,6.815,1584.907
18-11-2019 07:00,1880,1.29,7.936,2335.999
18-11-2019 08:00,1881,1.292,9.244,3208.108
18-11-2019 09:00,1882,1.294,10.663,3955.288
18-11-2019 10:00,1883,1.296,11.701,4335.259
18-11-2019 11:00,1884,1.297,12.423,4528.224
18-11-2019 12:00,1885,1.298,12.706,4588.05
18-11-2019 13:00,1886,1.3,12.622,4570.478
18-11-2019 14:00,1887,1.301,11.527,4283.801
18-11-2019 15:00,1888,1.302,10.34,3807.566
18-11-2019 16:00,1889,1.303,9.471,3341.176
18-11-2019 17:00,1890,1.305,8.503,2726.277
18-11-2019 18:00,1891,1.306,7.422,1988.862
18-11-2019 19:00,1892,1.308,6.467,1372.073
18-11-2019 20:00,1893,1.31,6.624,1468.982
18-11-2019 21:00,1894,1.311,7.138,1799.201
18-11-2019 22:00,1895,1.312,7.958,2351.053
18-11-2019 23:00,1896,1.313,8.003,2383.568
19-11-2019 00:00,1897,1.313,8.144,2481.274
19-11-2019 01:00,1898,1.311,8.055,2421.072
19-11-2019 02:00,1899,1.309,7.964,2355.262
19-11-2019 03:00,1900,1.308,7.67,2159.374
19-11-2019 04:00,1901,1.307,7.54,2063.905
19-11-2019 05:00,1902,1.307,7.433,1993.598
19-11-2019 06:00,1903,1.309,7.238,1864.821
19-11-2019 07:00,1904,1.311,7.325,1921.501
19-11-2019 08:00,1905,1.313,7.721,2187.941
19-11-2019 09:00,1906,1.316,8.136,2473.634
19-11-2019 10:00,1907,1.319,8.352,2626.727
19-11-2019 11:00,1908,1.321,8.654,2828.962
19-11-2019 12:00,1909,1.323,8.859,2960.21
19-11-2019 13:00,1910,1.325,8.967,3029.69
19-11-2019 14:00,1911,1.328,8.766,2901.784
19-11-2019 15:00,1912,1.33,8.182,2505.078
19-11-2019 16:00,1913,1.332,8.11,2455.527
19-11-2019 17:00,1914,1.335,7.639,2137.552
19-11-2019 18:00,1915,1.337,7.36,1942.232
19-11-2019 19:00,1916,1.34,6.803,1576.943
19-11-2019 20:00,1917,1.342,6.473,1375.72
19-11-2019 21:00,1918,1.343,6.193,1214.903
19-11-2019 22:00,1919,1.344,5.921,1062.128
19-11-2019 23:00,1920,1.344,5.613,905.754
20-11-2019 00:00,1921,1.341,5.338,776.819
20-11-2019 01:00,1922,1.335,5.046,654.721
20-11-2019 02:00,1923,1.327,4.945,610.275
20-11-2019 03:00,1924,1.322,4.755,537.43
20-11-2019 04:00,1925,1.318,4.701,517.657
20-11-2019 05:00,1926,1.317,4.665,506.224
20-11-2019 06:00,1927,1.317,4.532,461.167
20-11-2019 07:00,1928,1.318,4.568,470.272
20-11-2019 08:00,1929,1.321,5.008,635.704
20-11-2019 09:00,1930,1.323,5.372,792.028
20-11-2019 10:00,1931,1.325,6.441,1359.954
20-11-2019 11:00,1932,1.327,6.896,1638.665
20-11-2019 12:00,1933,1.329,6.829,1598.973
20-11-2019 13:00,1934,1.331,6.803,1577.121
20-11-2019 14:00,1935,1.333,6.672,1499.777
20-11-2019 15:00,1936,1.335,5.791,999.58
20-11-2019 16:00,1937,1.338,5.444,827.075
20-11-2019 17:00,1938,1.341,5.216,722.845
20-11-2019 18:00,1939,1.343,4.79,553.96
20-11-2019 19:00,1940,1.345,4.452,431.125
20-11-2019 20:00,1941,1.347,3.929,275.53
20-11-2019 21:00,1942,1.347,3.385,150.704
20-11-2019 22:00,1943,1.346,2.97,83.391
20-11-2019 23:00,1944,1.345,2.585,39.732
21-11-2019 00:00,1945,1.34,2.546,36.75
21-11-2019 01:00,1946,1.331,2.622,42.675
21-11-2019 02:00,1947,1.319,2.749,55.181
21-11-2019 03:00,1948,1.309,2.862,68.227
21-11-2019 04:00,1949,1.302,3.065,95.832
21-11-2019 05:00,1950,1.298,3.485,172.58
21-11-2019 06:00,1951,1.296,3.945,280.809
21-11-2019 07:00,1952,1.297,4.25,366.694
21-11-2019 08:00,1953,1.299,4.257,368.793
21-11-2019 09:00,1954,1.301,4.056,310.03
21-11-2019 10:00,1955,1.302,4.126,332.486
21-11-2019 11:00,1956,1.302,4.283,379.709
21-11-2019 12:00,1957,1.301,4.719,524.183
21-11-2019 13:00,1958,1.3,5.064,662.436
21-11-2019 14:00,1959,1.298,5.229,728.402
21-11-2019 15:00,1960,1.297,6.783,1564.522
21-11-2019 16:00,1961,1.296,8.59,2782.465
21-11-2019 17:00,1962,1.295,8.59,2782.196
21-11-2019 18:00,1963,1.293,8.685,2849.551
21-11-2019 19:00,1964,1.292,8.386,2644.654
21-11-2019 20:00,1965,1.29,8.263,2565.277
21-11-2019 21:00,1966,1.289,8.726,2872.438
21-11-2019 22:00,1967,1.288,8.977,3036.082
21-11-2019 23:00,1968,1.286,9.14,3139.421
22-11-2019 00:00,1969,1.283,8.535,2748.633
22-11-2019 01:00,1970,1.278,7.505,2043.516
22-11-2019 02:00,1971,1.273,7.339,1928.283
22-11-2019 03:00,1972,1.267,7.244,1867.872
22-11-2019 04:00,1973,1.262,7.191,1834.493
22-11-2019 05:00,1974,1.258,7.443,2002.447
22-11-2019 06:00,1975,1.256,7.822,2257.944
22-11-2019 07:00,1976,1.254,8.07,2428.509
22-11-2019 08:00,1977,1.253,8.212,2525.733
22-11-2019 09:00,1978,1.252,8.814,2930.939
22-11-2019 10:00,1979,1.25,10.006,3640.192
22-11-2019 11:00,1980,1.249,10.355,3817.299
22-11-2019 12:00,1981,1.247,10.701,3971.748
22-11-2019 13:00,1982,1.247,10.925,4064.175
22-11-2019 14:00,1983,1.247,11.866,4383.635
22-11-2019 15:00,1984,1.249,12.298,4496.816
22-11-2019 16:00,1985,1.253,12.119,4452.074
22-11-2019 17:00,1986,1.256,12.472,4537.543
22-11-2019 18:00,1987,1.26,12.922,4632.337
22-11-2019 19:00,1988,1.263,13.444,4719.035
22-11-2019 20:00,1989,1.267,13.649,4750.093
22-11-2019 21:00,1990,1.27,14.009,4794.476
22-11-2019 22:00,1991,1.273,14.019,4795.719
22-11-2019 23:00,1992,1.276,14.074,4802.391
23-11-2019 00:00,1993,1.278,13.888,4779.977
23-11-2019 01:00,1994,1.277,12.2,4472.732
23-11-2019 02:00,1995,1.274,11.507,4277.382
23-11-2019 03:00,1996,1.272,9.86,3562.308
23-11-2019 04:00,1997,1.273,8.802,2928.087
23-11-2019 05:00,1998,1.274,7.879,2297.092
23-11-2019 06:00,1999,1.277,7.733,2197.636
23-11-2019 07:00,2000,1.281,7.536,2063.716
23-11-2019 08:00,2001,1.287,7.882,2298.739
23-11-2019 09:00,2002,1.291,8.081,2441.68
23-11-2019 10:00,2003,1.294,8.2,2517.692
23-11-2019 11:00,2004,1.297,8.592,2783.388
23-11-2019 12:00,2005,1.301,8.692,2855.557
23-11-2019 13:00,2006,1.304,8.532,2748.637
23-11-2019 14:00,2007,1.307,8.442,2687.867
23-11-2019 15:00,2008,1.311,8.219,2530.48
23-11-2019 16:00,2009,1.316,7.986,2374.394
23-11-2019 17:00,2010,1.32,7.824,2261.857
23-11-2019 18:00,2011,1.323,7.622,2125.133
23-11-2019 19:00,2012,1.327,7.376,1955.158
23-11-2019 20:00,2013,1.33,7.044,1731.666
23-11-2019 21:00,2014,1.332,6.658,1486.398
23-11-2019 22:00,2015,1.334,5.906,1054.687
23-11-2019 23:00,2016,1.335,5.065,662.894
24-11-2019 00:00,2017,1.335,5.109,677.203
24-11-2019 01:00,2018,1.332,5.117,680.722
24-11-2019 02:00,2019,1.328,4.953,613.523
24-11-2019 03:00,2020,1.324,4.803,558.978
24-11-2019 04:00,2021,1.322,4.779,549.498
24-11-2019 05:00,2022,1.321,4.881,588.469
24-11-2019 06:00,2023,1.322,5.082,666.062
24-11-2019 07:00,2024,1.324,5.323,772.846
24-11-2019 08:00,2025,1.327,5.729,963.349
24-11-2019 09:00,2026,1.331,6.216,1226.339
24-11-2019 10:00,2027,1.334,6.765,1556.073
24-11-2019 11:00,2028,1.337,7.118,1785.465
24-11-2019 12:00,2029,1.339,7.453,2004.779
24-11-2019 13:00,2030,1.341,7.643,2140.719
24-11-2019 14:00,2031,1.342,7.593,2101.6
24-11-2019 15:00,2032,1.344,6.932,1661.05
24-11-2019 16:00,2033,1.347,6.163,1195.489
24-11-2019 17:00,2034,1.349,6.216,1226.322
24-11-2019 18:00,2035,1.351,6.29,1266.748
24-11-2019 19:00,2036,1.353,6.182,1205.78
24-11-2019 20:00,2037,1.354,5.983,1098.993
24-11-2019 21:00,2038,1.355,5.739,968.253
24-11-2019 22:00,2039,1.356,5.543,876.32
24-11-2019 23:00,2040,1.356,5.365,788.853
25-11-2019 00:00,2041,1.353,5.119,681.499
25-11-2019 01:00,2042,1.345,5.068,664.147
25-11-2019 02:00,2043,1.336,5.195,715.508
25-11-2019 03:00,2044,1.328,5.025,644.285
25-11-2019 04:00,2045,1.322,4.39,413.596
25-11-2019 05:00,2046,1.319,4.278,377.692
25-11-2019 06:00,2047,1.317,4.272,374.211
25-11-2019 07:00,2048,1.318,4.405,418.565
25-11-2019 08:00,2049,1.32,4.853,574.597
25-11-2019 09:00,2050,1.322,6.293,1268.049
25-11-2019 10:00,2051,1.323,7.748,2207.584
25-11-2019 11:00,2052,1.325,8.199,2516.361
25-11-2019 12:00,2053,1.326,8.138,2475.012
25-11-2019 13:00,2054,1.327,7.832,2269.432
25-11-2019 14:00,2055,1.328,7.268,1881.319
25-11-2019 15:00,2056,1.329,6.486,1387.199
25-11-2019 16:00,2057,1.331,6.818,1586.628
25-11-2019 17:00,2058,1.332,7.146,1805.358
25-11-2019 18:00,2059,1.334,7.801,2242.559
25-11-2019 19:00,2060,1.334,8.132,2470.763
25-11-2019 20:00,2061,1.335,8.009,2391.48
25-11-2019 21:00,2062,1.336,7.858,2283.294
25-11-2019 22:00,2063,1.336,7.882,2298.486
25-11-2019 23:00,2064,1.336,7.371,1955.049
26-11-2019 00:00,2065,1.333,6.647,1479.926
26-11-2019 01:00,2066,1.326,6.469,1372.114
26-11-2019 02:00,2067,1.318,6.502,1391.064
26-11-2019 03:00,2068,1.311,6.59,1444.65
26-11-2019 04:00,2069,1.306,6.517,1400.614
26-11-2019 05:00,2070,1.303,6.806,1579.13
26-11-2019 06:00,2071,1.303,7.124,1788.255
26-11-2019 07:00,2072,1.304,6.915,1652.095
26-11-2019 08:00,2073,1.307,5.913,1057.942
26-11-2019 09:00,2074,1.31,6.032,1126.038
26-11-2019 10:00,2075,1.312,6.967,1683.798
26-11-2019 11:00,2076,1.315,7.075,1755.481
26-11-2019 12:00,2077,1.318,6.975,1687.39
26-11-2019 13:00,2078,1.322,6.884,1631.164
26-11-2019 14:00,2079,1.325,6.504,1392.307
26-11-2019 15:00,2080,1.33,6.715,1524.752
26-11-2019 16:00,2081,1.335,6.978,1688.907
26-11-2019 17:00,2082,1.339,6.906,1642.328
26-11-2019 18:00,2083,1.344,6.895,1638.654
26-11-2019 19:00,2084,1.348,7.48,2022.861
26-11-2019 20:00,2085,1.352,7.156,1808.101
26-11-2019 21:00,2086,1.355,7.097,1771.364
26-11-2019 22:00,2087,1.358,7.386,1963.064
26-11-2019 23:00,2088,1.36,7.604,2111.482
27-11-2019 00:00,2089,1.36,8.254,2557.557
27-11-2019 01:00,2090,1.357,8.692,2855.554
27-11-2019 02:00,2091,1.351,9.404,3305.208
27-11-2019 03:00,2092,1.347,9.54,3381.629
27-11-2019 04:00,2093,1.344,9.153,3152.323
27-11-2019 05:00,2094,1.342,8.567,2771.8
27-11-2019 06:00,2095,1.342,7.873,2297.01
27-11-2019 07:00,2096,1.344,6.937,1666.97
27-11-2019 08:00,2097,1.348,6.67,1499.641
27-11-2019 09:00,2098,1.35,6.585,1444.497
27-11-2019 10:00,2099,1.352,7.168,1818.121
27-11-2019 11:00,2100,1.354,7.991,2379.694
27-11-2019 12:00,2101,1.355,8.616,2799.26
27-11-2019 13:00,2102,1.356,8.86,2960.484
27-11-2019 14:00,2103,1.357,8.675,2842.263
27-11-2019 15:00,2104,1.359,7.809,2247.973
27-11-2019 16:00,2105,1.36,6.974,1686.598
27-11-2019 17:00,2106,1.362,6.494,1389.936
27-11-2019 18:00,2107,1.363,6.259,1253.781
27-11-2019 19:00,2108,1.364,6.367,1314.695
27-11-2019 20:00,2109,1.365,6.179,1203.814
27-11-2019 21:00,2110,1.365,6.088,1153.664
27-11-2019 22:00,2111,1.366,6.02,1115.807
27-11-2019 23:00,2112,1.366,5.837,1018.561
28-11-2019 00:00,2113,1.363,5.416,812.418
28-11-2019 01:00,2114,1.355,4.972,621.27
28-11-2019 02:00,2115,1.345,4.418,420.472
28-11-2019 03:00,2116,1.338,3.893,268.409
28-11-2019 04:00,2117,1.333,3.411,155.913
28-11-2019 05:00,2118,1.33,3.275,130.384
28-11-2019 06:00,2119,1.329,3.03,90.679
28-11-2019 07:00,2120,1.331,3.129,105.833
28-11-2019 08:00,2121,1.334,3.39,151.754
28-11-2019 09:00,2122,1.336,3.75,230.18
28-11-2019 10:00,2123,1.338,4.959,615.995
28-11-2019 11:00,2124,1.34,6.099,1163.596
28-11-2019 12:00,2125,1.342,6.392,1325.919
28-11-2019 13:00,2126,1.344,6.344,1300.534
28-11-2019 14:00,2127,1.346,6.058,1137.176
28-11-2019 15:00,2128,1.348,5.268,745.441
28-11-2019 16:00,2129,1.351,5.109,677.075
28-11-2019 17:00,2130,1.353,5.294,761.314
28-11-2019 18:00,2131,1.355,5.563,886.068
28-11-2019 19:00,2132,1.357,5.875,1038.145
28-11-2019 20:00,2133,1.359,6.054,1137.027
28-11-2019 21:00,2134,1.36,6.021,1116.353
28-11-2019 22:00,2135,1.361,5.751,974.216
28-11-2019 23:00,2136,1.362,5.427,817.364
29-11-2019 00:00,2137,1.359,5.205,720.021
29-11-2019 01:00,2138,1.352,4.961,616.722
29-11-2019 02:00,2139,1.342,4.784,551.876
29-11-2019 03:00,2140,1.333,4.545,463.998
29-11-2019 04:00,2141,1.327,4.394,415.073
29-11-2019 05:00,2142,1.323,4.231,360.99
29-11-2019 06:00,2143,1.322,3.787,239.174
29-11-2019 07:00,2144,1.323,3.549,184.313
29-11-2019 08:00,2145,1.326,3.901,270.179
29-11-2019 09:00,2146,1.328,4.412,420.305
29-11-2019 10:00,2147,1.33,5.081,665.332
29-11-2019 11:00,2148,1.332,5.673,935.185
29-11-2019 12:00,2149,1.334,6.004,1108.315
29-11-2019 13:00,2150,1.335,6.085,1153.564
29-11-2019 14:00,2151,1.337,5.79,999.078
29-11-2019 15:00,2152,1.338,5.541,875.319
29-11-2019 16:00,2153,1.339,6.095,1158.724
29-11-2019 17:00,2154,1.34,6.397,1328.612
29-11-2019 18:00,2155,1.341,6.385,1321.89
29-11-2019 19:00,2156,1.341,6.138,1180.148
29-11-2019 20:00,2157,1.34,5.617,907.596
29-11-2019 21:00,2158,1.339,4.726,526.838
29-11-2019 22:00,2159,1.338,3.758,232.021
29-11-2019 23:00,2160,1.336,2.934,77.381
30-11-2019 00:00,2161,1.333,2.253,17.258
30-11-2019 01:00,2162,1.327,1.958,6.994
30-11-2019 02:00,2163,1.32,2.442,28.488
30-11-2019 03:00,2164,1.313,3.396,153.03
30-11-2019 04:00,2165,1.308,4.423,421.648
30-11-2019 05:00,2166,1.305,5.282,755.698
30-11-2019 06:00,2167,1.303,5.864,1032.287
30-11-2019 07:00,2168,1.303,6.015,1115.254
30-11-2019 08:00,2169,1.304,5.319,772.487
30-11-2019 09:00,2170,1.303,4.651,502.937
30-11-2019 10:00,2171,1.302,4.671,506.88
30-11-2019 11:00,2172,1.302,4.979,624.043
30-11-2019 12:00,2173,1.301,5.38,795.849
30-11-2019 13:00,2174,1.301,5.823,1011.126
30-11-2019 14:00,2175,1.301,6.343,1298.994
30-11-2019 15:00,2176,1.302,6.896,1638.679
30-11-2019 16:00,2177,1.304,7.293,1896.906
30-11-2019 17:00,2178,1.307,7.31,1908.281
30-11-2019 18:00,2179,1.309,7.001,1704.609
30-11-2019 19:00,2180,1.312,6.324,1288.72
30-11-2019 20:00,2181,1.314,7.188,1831.431
30-11-2019 21:00,2182,1.316,8.072,2431.11
30-11-2019 22:00,2183,1.317,8.377,2638.584
30-11-2019 23:00,2184,1.318,8.46,2694.698
