Years,Time,Air density,wind speed,Power generation
01-12-2019 00:00,1,1.318,8.285,2578.96
01-12-2019 01:00,2,1.314,7.99,2379.431
01-12-2019 02:00,3,1.309,7.685,2162.803
01-12-2019 03:00,4,1.304,7.547,2068.773
01-12-2019 04:00,5,1.302,7.058,1740.835
01-12-2019 05:00,6,1.3,6.59,1444.972
01-12-2019 06:00,7,1.3,6.048,1134.929
01-12-2019 07:00,8,1.301,5.632,915.033
01-12-2019 08:00,9,1.303,5.961,1088.558
01-12-2019 09:00,10,1.304,6.117,1168.477
01-12-2019 10:00,11,1.305,6.332,1295.209
01-12-2019 11:00,12,1.305,6.082,1153.452
01-12-2019 12:00,13,1.306,5.476,840.221
01-12-2019 13:00,14,1.307,4.979,623.817
01-12-2019 14:00,15,1.307,4.607,483.827
01-12-2019 15:00,16,1.308,4.01,297.279
01-12-2019 16:00,17,1.308,3.932,276.157
01-12-2019 17:00,18,1.309,3.996,293.517
01-12-2019 18:00,19,1.309,4.279,378.396
01-12-2019 19:00,20,1.31,4.633,496.556
01-12-2019 20:00,21,1.31,4.952,613.053
01-12-2019 21:00,22,1.311,4.891,589.266
01-12-2019 22:00,23,1.312,4.824,563.397
01-12-2019 23:00,24,1.312,4.637,497.716
02-12-2019 00:00,25,1.311,4.574,472.27
02-12-2019 01:00,26,1.308,4.787,552.857
02-12-2019 02:00,27,1.305,4.383,411.338
02-12-2019 03:00,28,1.303,4.105,324.023
02-12-2019 04:00,29,1.302,4.104,323.706
02-12-2019 05:00,30,1.302,4.273,374.569
02-12-2019 06:00,31,1.303,4.569,470.758
02-12-2019 07:00,32,1.305,4.936,606.902
02-12-2019 08:00,33,1.308,5.574,891.081
02-12-2019 09:00,34,1.311,6.045,1131.664
02-12-2019 10:00,35,1.313,6.868,1622.735
02-12-2019 11:00,36,1.315,7.698,2171.685
02-12-2019 12:00,37,1.317,8.158,2489.88
02-12-2019 13:00,38,1.319,8.224,2533.748
02-12-2019 14:00,39,1.321,8.075,2434.18
02-12-2019 15:00,40,1.323,7.583,2097.784
02-12-2019 16:00,41,1.325,7.318,1913.563
02-12-2019 17:00,42,1.326,7.398,1974.085
02-12-2019 18:00,43,1.328,7.609,2111.582
02-12-2019 19:00,44,1.33,7.692,2167.974
02-12-2019 20:00,45,1.332,7.343,1932.583
02-12-2019 21:00,46,1.335,7.068,1747.804
02-12-2019 22:00,47,1.337,6.964,1683.69
02-12-2019 23:00,48,1.34,6.758,1554.879
03-12-2019 00:00,49,1.341,6.738,1542.024
03-12-2019 01:00,50,1.34,6.836,1600.388
03-12-2019 02:00,51,1.338,7.093,1766.288
03-12-2019 03:00,52,1.337,7.065,1745.992
03-12-2019 04:00,53,1.337,7.179,1821.44
03-12-2019 05:00,54,1.337,7.206,1838.907
03-12-2019 06:00,55,1.339,7.734,2199.015
03-12-2019 07:00,56,1.341,8.032,2407.263
03-12-2019 08:00,57,1.344,8.626,2806.005
03-12-2019 09:00,58,1.347,9.185,3171.044
03-12-2019 10:00,59,1.35,9.711,3485.071
03-12-2019 11:00,60,1.353,10.28,3778.354
03-12-2019 12:00,61,1.356,10.61,3932.279
03-12-2019 13:00,62,1.359,10.552,3906.112
03-12-2019 14:00,63,1.361,10.163,3722.718
03-12-2019 15:00,64,1.364,9.578,3408.536
03-12-2019 16:00,65,1.366,8.979,3037.824
03-12-2019 17:00,66,1.368,8.389,2646.475
03-12-2019 18:00,67,1.37,8.084,2441.71
03-12-2019 19:00,68,1.372,8.106,2455.495
03-12-2019 20:00,69,1.373,8.05,2421.023
03-12-2019 21:00,70,1.374,7.975,2362.658
03-12-2019 22:00,71,1.376,7.94,2338.599
03-12-2019 23:00,72,1.377,7.787,2235.081
04-12-2019 00:00,73,1.376,7.588,2097.884
04-12-2019 01:00,74,1.373,7.39,1968.43
04-12-2019 02:00,75,1.369,7.248,1867.956
04-12-2019 03:00,76,1.365,7.069,1748.628
04-12-2019 04:00,77,1.362,6.897,1638.717
04-12-2019 05:00,78,1.36,6.718,1524.841
04-12-2019 06:00,79,1.36,6.693,1512.235
04-12-2019 07:00,80,1.361,6.832,1600.247
04-12-2019 08:00,81,1.364,7.069,1748.152
04-12-2019 09:00,82,1.366,7.145,1804.379
04-12-2019 10:00,83,1.369,7.386,1963.263
04-12-2019 11:00,84,1.371,7.886,2301.446
04-12-2019 12:00,85,1.374,8.303,2592.626
04-12-2019 13:00,86,1.376,8.591,2782.841
04-12-2019 14:00,87,1.378,8.748,2888.592
04-12-2019 15:00,88,1.38,8.539,2748.627
04-12-2019 16:00,89,1.382,8.156,2489.87
04-12-2019 17:00,90,1.384,8.138,2474.457
04-12-2019 18:00,91,1.386,7.968,2357.421
04-12-2019 19:00,92,1.388,7.733,2197.381
04-12-2019 20:00,93,1.389,7.24,1867.772
04-12-2019 21:00,94,1.39,6.872,1625.747
04-12-2019 22:00,95,1.391,6.655,1484.346
04-12-2019 23:00,96,1.391,6.594,1449.406
05-12-2019 00:00,97,1.389,6.54,1414.253
05-12-2019 01:00,98,1.384,6.533,1410.186
05-12-2019 02:00,99,1.377,6.592,1446.725
05-12-2019 03:00,100,1.369,6.826,1595.26
05-12-2019 04:00,101,1.364,6.763,1556.018
05-12-2019 05:00,102,1.36,6.408,1335.097
05-12-2019 06:00,103,1.359,6.155,1189.654
05-12-2019 07:00,104,1.361,6.016,1115.29
05-12-2019 08:00,105,1.364,6.139,1180.849
05-12-2019 09:00,106,1.366,6.203,1218.117
05-12-2019 10:00,107,1.368,6.543,1416.291
05-12-2019 11:00,108,1.37,7.112,1777.703
05-12-2019 12:00,109,1.371,7.605,2111.509
05-12-2019 13:00,110,1.372,7.885,2300.443
05-12-2019 14:00,111,1.373,7.879,2297.102
05-12-2019 15:00,112,1.373,7.279,1893.192
05-12-2019 16:00,113,1.373,7.109,1775.216
05-12-2019 17:00,114,1.373,6.929,1658.02
05-12-2019 18:00,115,1.373,6.648,1480.13
05-12-2019 19:00,116,1.373,6.292,1267.478
05-12-2019 20:00,117,1.372,5.889,1045.573
05-12-2019 21:00,118,1.372,5.546,877.98
05-12-2019 22:00,119,1.37,5.286,757.501
05-12-2019 23:00,120,1.369,5.14,690.382
06-12-2019 00:00,121,1.364,5.001,632.656
06-12-2019 01:00,122,1.355,5.108,676.848
06-12-2019 02:00,123,1.345,4.929,604.064
06-12-2019 03:00,124,1.337,4.776,547.199
06-12-2019 04:00,125,1.331,4.735,529.894
06-12-2019 05:00,126,1.327,5.038,651.48
06-12-2019 06:00,127,1.327,5.665,931.181
06-12-2019 07:00,128,1.328,6.266,1254.878
06-12-2019 08:00,129,1.33,6.18,1203.839
06-12-2019 09:00,130,1.331,6.962,1683.655
06-12-2019 10:00,131,1.332,8.04,2407.594
06-12-2019 11:00,132,1.333,8.686,2850.86
06-12-2019 12:00,133,1.333,8.625,2805.804
06-12-2019 13:00,134,1.334,8.237,2547.421
06-12-2019 14:00,135,1.334,7.507,2045.289
06-12-2019 15:00,136,1.336,7.445,2002.49
06-12-2019 16:00,137,1.339,7.127,1788.336
06-12-2019 17:00,138,1.342,6.521,1402.766
06-12-2019 18:00,139,1.345,6.24,1243.229
06-12-2019 19:00,140,1.348,6.602,1456.613
06-12-2019 20:00,141,1.351,6.181,1205.048
06-12-2019 21:00,142,1.353,6.15,1187.213
06-12-2019 22:00,143,1.354,6.229,1236.709
06-12-2019 23:00,144,1.355,6.161,1193.882
07-12-2019 00:00,145,1.356,6.027,1123.252
07-12-2019 01:00,146,1.353,5.495,849.101
07-12-2019 02:00,147,1.347,5.561,885.094
07-12-2019 03:00,148,1.341,5.582,894.214
07-12-2019 04:00,149,1.337,5.742,969.737
07-12-2019 05:00,150,1.335,5.584,894.304
07-12-2019 06:00,151,1.335,5.38,795.856
07-12-2019 07:00,152,1.337,5.255,739.81
07-12-2019 08:00,153,1.34,5.206,720.039
07-12-2019 09:00,154,1.342,5.445,828.249
07-12-2019 10:00,155,1.342,6.257,1251.452
07-12-2019 11:00,156,1.342,7.088,1762.023
07-12-2019 12:00,157,1.343,7.867,2292.863
07-12-2019 13:00,158,1.343,8.459,2693.715
07-12-2019 14:00,159,1.343,8.148,2486.674
07-12-2019 15:00,160,1.345,8.005,2387.088
07-12-2019 16:00,161,1.349,8.152,2489.837
07-12-2019 17:00,162,1.351,7.844,2274.871
07-12-2019 18:00,163,1.354,7.202,1836.159
07-12-2019 19:00,164,1.356,6.662,1490.142
07-12-2019 20:00,165,1.358,5.964,1090.066
07-12-2019 21:00,166,1.36,4.953,613.491
07-12-2019 22:00,167,1.363,3.991,292.018
07-12-2019 23:00,168,1.365,3.104,101.771
08-12-2019 00:00,169,1.363,2.333,21.907
08-12-2019 01:00,170,1.358,1.66,2.12
08-12-2019 02:00,171,1.351,1.151,0.111
08-12-2019 03:00,172,1.342,1.111,0.081
08-12-2019 04:00,173,1.335,1.797,3.812
08-12-2019 05:00,174,1.331,2.828,64.125
08-12-2019 06:00,175,1.329,3.98,289.039
08-12-2019 07:00,176,1.33,5.152,695.241
08-12-2019 08:00,177,1.333,5.065,662.771
08-12-2019 09:00,178,1.336,4.095,321.018
08-12-2019 10:00,179,1.337,4.278,377.422
08-12-2019 11:00,180,1.338,4.588,477.149
08-12-2019 12:00,181,1.338,4.847,572.091
08-12-2019 13:00,182,1.338,5.22,724.467
08-12-2019 14:00,183,1.338,5.514,857.83
08-12-2019 15:00,184,1.338,6.883,1629.312
08-12-2019 16:00,185,1.338,8.108,2455.512
08-12-2019 17:00,186,1.338,8.276,2573.763
08-12-2019 18:00,187,1.337,8.34,2613.601
08-12-2019 19:00,188,1.336,8.327,2610.879
08-12-2019 20:00,189,1.335,8.182,2504.85
08-12-2019 21:00,190,1.334,7.895,2310.862
08-12-2019 22:00,191,1.333,7.554,2073.594
08-12-2019 23:00,192,1.332,7.553,2072.33
09-12-2019 00:00,193,1.33,7.464,2012.037
09-12-2019 01:00,194,1.326,7.256,1875.309
09-12-2019 02:00,195,1.319,7.188,1832.397
09-12-2019 03:00,196,1.314,7.211,1841.796
09-12-2019 04:00,197,1.31,7.328,1925.408
09-12-2019 05:00,198,1.308,7.504,2042.397
09-12-2019 06:00,199,1.308,7.647,2143.638
09-12-2019 07:00,200,1.309,7.751,2209.024
09-12-2019 08:00,201,1.311,7.554,2073.264
09-12-2019 09:00,202,1.313,7.104,1775.067
09-12-2019 10:00,203,1.314,6.702,1515.148
09-12-2019 11:00,204,1.315,6.472,1374.592
09-12-2019 12:00,205,1.316,6.374,1318.661
09-12-2019 13:00,206,1.317,6.06,1137.217
09-12-2019 14:00,207,1.318,5.466,837.161
09-12-2019 15:00,208,1.32,4.819,561.79
09-12-2019 16:00,209,1.322,4.148,339.033
09-12-2019 17:00,210,1.325,3.564,187.517
09-12-2019 18:00,211,1.327,3.711,223.023
09-12-2019 19:00,212,1.329,4.551,464.335
09-12-2019 20:00,213,1.332,5.304,765.599
09-12-2019 21:00,214,1.334,5.116,680.161
09-12-2019 22:00,215,1.336,4.906,595.106
09-12-2019 23:00,216,1.338,4.39,413.742
10-12-2019 00:00,217,1.338,3.953,284.255
10-12-2019 01:00,218,1.335,3.81,244.822
10-12-2019 02:00,219,1.328,3.701,220.576
10-12-2019 03:00,220,1.321,3.583,191.731
10-12-2019 04:00,221,1.316,3.542,182.704
10-12-2019 05:00,222,1.313,3.156,110.086
10-12-2019 06:00,223,1.313,2.897,72.486
10-12-2019 07:00,224,1.315,2.657,45.897
10-12-2019 08:00,225,1.318,2.609,41.521
10-12-2019 09:00,226,1.32,2.384,24.52
10-12-2019 10:00,227,1.322,2.177,13.879
10-12-2019 11:00,228,1.324,2.544,36.622
10-12-2019 12:00,229,1.325,2.856,67.414
10-12-2019 13:00,230,1.327,2.891,71.738
10-12-2019 14:00,231,1.327,2.96,81.943
10-12-2019 15:00,232,1.329,3.355,145.022
10-12-2019 16:00,233,1.33,3.807,244.01
10-12-2019 17:00,234,1.332,3.911,270.731
10-12-2019 18:00,235,1.333,3.843,253.089
10-12-2019 19:00,236,1.334,3.712,223.147
10-12-2019 20:00,237,1.335,3.681,213.866
10-12-2019 21:00,238,1.336,3.701,220.728
10-12-2019 22:00,239,1.336,3.802,242.978
10-12-2019 23:00,240,1.337,3.75,230.174
11-12-2019 00:00,241,1.337,3.62,201.819
11-12-2019 01:00,242,1.334,3.634,205.197
11-12-2019 02:00,243,1.328,3.686,214.976
11-12-2019 03:00,244,1.323,3.813,245.51
11-12-2019 04:00,245,1.32,3.881,265.333
11-12-2019 05:00,246,1.319,3.808,244.412
11-12-2019 06:00,247,1.319,3.859,257.296
11-12-2019 07:00,248,1.322,3.862,258.483
11-12-2019 08:00,249,1.325,3.474,170.396
11-12-2019 09:00,250,1.328,3.458,167.041
11-12-2019 10:00,251,1.329,4.298,382.164
11-12-2019 11:00,252,1.331,4.979,623.819
11-12-2019 12:00,253,1.333,5.511,856.698
11-12-2019 13:00,254,1.334,6.003,1108.238
11-12-2019 14:00,255,1.336,6.227,1233.753
11-12-2019 15:00,256,1.339,6.02,1115.419
11-12-2019 16:00,257,1.342,5.878,1039.646
11-12-2019 17:00,258,1.344,5.458,836.041
11-12-2019 18:00,259,1.346,5.134,687.796
11-12-2019 19:00,260,1.347,4.935,606.391
11-12-2019 20:00,261,1.348,4.589,477.598
11-12-2019 21:00,262,1.349,4.434,425.137
11-12-2019 22:00,263,1.348,4.12,330.853
11-12-2019 23:00,264,1.347,4.033,305.333
12-12-2019 00:00,265,1.345,3.936,277.347
12-12-2019 01:00,266,1.339,4.169,342.436
12-12-2019 02:00,267,1.33,4.406,418.939
12-12-2019 03:00,268,1.322,4.46,433.751
12-12-2019 04:00,269,1.315,4.395,415.373
12-12-2019 05:00,270,1.311,4.226,359.478
12-12-2019 06:00,271,1.31,4.181,345.939
12-12-2019 07:00,272,1.311,4.33,391.609
12-12-2019 08:00,273,1.314,4.546,464.042
12-12-2019 09:00,274,1.316,4.529,459.942
12-12-2019 10:00,275,1.318,4.961,616.878
12-12-2019 11:00,276,1.319,6.015,1115.255
12-12-2019 12:00,277,1.32,6.435,1354.202
12-12-2019 13:00,278,1.32,6.568,1431.502
12-12-2019 14:00,279,1.32,6.013,1115.191
12-12-2019 15:00,280,1.32,6.467,1372.059
12-12-2019 16:00,281,1.322,7.053,1737.548
12-12-2019 17:00,282,1.323,7.376,1955.159
12-12-2019 18:00,283,1.324,7.484,2028.038
12-12-2019 19:00,284,1.325,7.341,1929.809
12-12-2019 20:00,285,1.325,7.212,1842.532
12-12-2019 21:00,286,1.326,7.214,1844.215
12-12-2019 22:00,287,1.326,7.264,1881.232
12-12-2019 23:00,288,1.326,7.385,1961.724
13-12-2019 00:00,289,1.325,6.984,1695.599
13-12-2019 01:00,290,1.322,6.376,1318.714
13-12-2019 02:00,291,1.316,5.758,977.868
13-12-2019 03:00,292,1.31,5.133,687.337
13-12-2019 04:00,293,1.306,4.774,546.002
13-12-2019 05:00,294,1.304,4.595,479.664
13-12-2019 06:00,295,1.303,4.462,434.301
13-12-2019 07:00,296,1.304,4.237,362.798
13-12-2019 08:00,297,1.307,3.833,250.663
13-12-2019 09:00,298,1.31,4.022,301.039
13-12-2019 10:00,299,1.314,3.654,207.586
13-12-2019 11:00,300,1.317,3.449,165.235
13-12-2019 12:00,301,1.321,3.356,145.211
13-12-2019 13:00,302,1.324,3.369,149.304
13-12-2019 14:00,303,1.328,3.321,138.787
13-12-2019 15:00,304,1.331,3.754,231.213
13-12-2019 16:00,305,1.336,4.571,471.397
13-12-2019 17:00,306,1.339,5.413,810.647
13-12-2019 18:00,307,1.343,6.028,1123.743
13-12-2019 19:00,308,1.346,6.07,1142.993
13-12-2019 20:00,309,1.349,5.934,1069.203
13-12-2019 21:00,310,1.35,5.682,939.619
13-12-2019 22:00,311,1.351,5.536,873.048
13-12-2019 23:00,312,1.352,5.254,739.41
14-12-2019 00:00,313,1.351,4.836,568.028
14-12-2019 01:00,314,1.345,4.445,428.628
14-12-2019 02:00,315,1.337,4.137,335.878
14-12-2019 03:00,316,1.329,3.945,280.796
14-12-2019 04:00,317,1.324,3.928,275.063
14-12-2019 05:00,318,1.322,3.697,219.123
14-12-2019 06:00,319,1.321,3.632,204.714
14-12-2019 07:00,320,1.323,3.495,174.732
14-12-2019 08:00,321,1.326,3.584,191.968
14-12-2019 09:00,322,1.327,3.817,246.635
14-12-2019 10:00,323,1.327,4.022,301.283
14-12-2019 11:00,324,1.327,4.783,551.464
14-12-2019 12:00,325,1.326,5.174,704.533
14-12-2019 13:00,326,1.325,5.167,701.637
14-12-2019 14:00,327,1.324,5.058,659.655
14-12-2019 15:00,328,1.325,4.717,523.596
14-12-2019 16:00,329,1.326,4.78,550.011
14-12-2019 17:00,330,1.327,4.837,568.44
14-12-2019 18:00,331,1.327,5.111,677.832
14-12-2019 19:00,332,1.326,5.632,914.747
14-12-2019 20:00,333,1.326,6.197,1215.02
14-12-2019 21:00,334,1.325,6.784,1564.773
14-12-2019 22:00,335,1.325,6.709,1523.36
14-12-2019 23:00,336,1.324,6.366,1313.562
15-12-2019 00:00,337,1.321,6.053,1137.002
15-12-2019 01:00,338,1.315,5.757,977.106
15-12-2019 02:00,339,1.308,5.663,930.012
15-12-2019 03:00,340,1.301,5.78,994.08
15-12-2019 04:00,341,1.296,6.088,1153.644
15-12-2019 05:00,342,1.293,6.461,1371.864
15-12-2019 06:00,343,1.292,6.874,1625.827
15-12-2019 07:00,344,1.293,7.355,1941.646
15-12-2019 08:00,345,1.295,7.295,1897.896
15-12-2019 09:00,346,1.296,6.696,1512.315
15-12-2019 10:00,347,1.296,6.274,1257.018
15-12-2019 11:00,348,1.297,6.286,1264.287
15-12-2019 12:00,349,1.297,7.127,1788.328
15-12-2019 13:00,350,1.298,6.992,1703.081
15-12-2019 14:00,351,1.299,7.194,1834.58
15-12-2019 15:00,352,1.301,8.233,2542.436
15-12-2019 16:00,353,1.304,8.344,2618.805
15-12-2019 17:00,354,1.308,7.826,2264.563
15-12-2019 18:00,355,1.31,6.984,1695.804
15-12-2019 19:00,356,1.313,5.692,945.271
15-12-2019 20:00,357,1.316,4.615,488.354
15-12-2019 21:00,358,1.317,3.901,270.19
15-12-2019 22:00,359,1.318,2.797,61.497
15-12-2019 23:00,360,1.318,1.914,5.809
16-12-2019 00:00,361,1.314,1.838,4.359
16-12-2019 01:00,362,1.308,2.273,18.399
16-12-2019 02:00,363,1.299,2.63,43.355
16-12-2019 03:00,364,1.292,3.194,117.033
16-12-2019 04:00,365,1.287,3.9,270.048
16-12-2019 05:00,366,1.285,4.199,351.306
16-12-2019 06:00,367,1.285,4.468,436.258
16-12-2019 07:00,368,1.286,4.885,588.565
16-12-2019 08:00,369,1.288,4.875,586.474
16-12-2019 09:00,370,1.288,4.432,424.447
16-12-2019 10:00,371,1.288,4.724,525.875
16-12-2019 11:00,372,1.289,5.114,679.154
16-12-2019 12:00,373,1.289,4.994,629.956
16-12-2019 13:00,374,1.289,4.803,558.987
16-12-2019 14:00,375,1.29,5.33,773.065
16-12-2019 15:00,376,1.291,6.476,1379.315
16-12-2019 16:00,377,1.293,7.137,1797.126
16-12-2019 17:00,378,1.295,6.996,1703.196
16-12-2019 18:00,379,1.297,6.702,1515.279
16-12-2019 19:00,380,1.3,6.585,1444.505
16-12-2019 20:00,381,1.303,6.363,1310.168
16-12-2019 21:00,382,1.306,6.202,1217.597
16-12-2019 22:00,383,1.309,5.802,1004.183
16-12-2019 23:00,384,1.313,5.211,720.436
17-12-2019 00:00,385,1.316,4.327,390.554
17-12-2019 01:00,386,1.316,3.518,177.744
17-12-2019 02:00,387,1.314,2.999,86.208
17-12-2019 03:00,388,1.312,3.347,143.55
17-12-2019 04:00,389,1.31,5.722,959.427
17-12-2019 05:00,390,1.31,7.026,1720.196
17-12-2019 06:00,391,1.313,7.681,2160.259
17-12-2019 07:00,392,1.317,7.688,2165.224
17-12-2019 08:00,393,1.322,7.542,2065.145
17-12-2019 09:00,394,1.327,7.895,2311.14
17-12-2019 10:00,395,1.332,7.913,2322.146
17-12-2019 11:00,396,1.336,8.102,2455.459
17-12-2019 12:00,397,1.34,8.47,2701.299
17-12-2019 13:00,398,1.343,8.657,2828.953
17-12-2019 14:00,399,1.346,8.215,2527.441
17-12-2019 15:00,400,1.349,8.161,2491.476
17-12-2019 16:00,401,1.352,7.97,2359.165
17-12-2019 17:00,402,1.356,7.62,2125.005
17-12-2019 18:00,403,1.358,7.231,1855.632
17-12-2019 19:00,404,1.361,6.801,1575.484
17-12-2019 20:00,405,1.363,6.415,1342.128
17-12-2019 21:00,406,1.365,5.813,1005.729
17-12-2019 22:00,407,1.366,4.877,587.312
17-12-2019 23:00,408,1.366,4.232,361.436
18-12-2019 00:00,409,1.365,3.771,235.354
18-12-2019 01:00,410,1.36,3.38,149.897
18-12-2019 02:00,411,1.353,3.203,119.369
18-12-2019 03:00,412,1.345,3.162,111.026
18-12-2019 04:00,413,1.34,3.181,114.082
18-12-2019 05:00,414,1.337,3.252,126.265
18-12-2019 06:00,415,1.336,3.327,139.772
18-12-2019 07:00,416,1.337,3.372,149.651
18-12-2019 08:00,417,1.34,3.616,200.057
18-12-2019 09:00,418,1.343,3.461,167.629
18-12-2019 10:00,419,1.346,3.331,140.572
18-12-2019 11:00,420,1.348,3.632,204.708
18-12-2019 12:00,421,1.35,4.053,309.147
18-12-2019 13:00,422,1.352,3.99,291.873
18-12-2019 14:00,423,1.354,3.853,255.783
18-12-2019 15:00,424,1.356,3.786,238.879
18-12-2019 16:00,425,1.358,3.779,237.329
18-12-2019 17:00,426,1.36,3.674,212.153
18-12-2019 18:00,427,1.363,3.541,182.57
18-12-2019 19:00,428,1.364,3.149,108.869
18-12-2019 20:00,429,1.365,2.897,72.505
18-12-2019 21:00,430,1.366,2.689,49.032
18-12-2019 22:00,431,1.367,2.722,53.248
18-12-2019 23:00,432,1.368,2.744,54.704
19-12-2019 00:00,433,1.368,2.843,65.873
19-12-2019 01:00,434,1.364,3.089,99.532
19-12-2019 02:00,435,1.357,3.226,123.225
19-12-2019 03:00,436,1.35,3.236,124.921
19-12-2019 04:00,437,1.344,3.184,114.583
19-12-2019 05:00,438,1.341,3.194,116.82
19-12-2019 06:00,439,1.34,3.52,178.104
19-12-2019 07:00,440,1.341,3.7,220.495
19-12-2019 08:00,441,1.343,3.741,228.058
19-12-2019 09:00,442,1.345,3.429,159.393
19-12-2019 10:00,443,1.347,3.381,150.008
19-12-2019 11:00,444,1.348,3.754,231.132
19-12-2019 12:00,445,1.349,4.051,308.491
19-12-2019 13:00,446,1.35,4.076,315.636
19-12-2019 14:00,447,1.352,3.983,289.909
19-12-2019 15:00,448,1.353,3.916,272.022
19-12-2019 16:00,449,1.356,3.767,234.371
19-12-2019 17:00,450,1.358,3.824,248.313
19-12-2019 18:00,451,1.359,4.068,313.272
19-12-2019 19:00,452,1.36,4.416,420.425
19-12-2019 20:00,453,1.362,4.681,510.169
19-12-2019 21:00,454,1.362,4.633,496.473
19-12-2019 22:00,455,1.361,4.749,535.294
19-12-2019 23:00,456,1.361,4.784,551.529
20-12-2019 00:00,457,1.359,4.783,551.363
20-12-2019 01:00,458,1.355,4.943,609.443
20-12-2019 02:00,459,1.347,5.08,665.164
20-12-2019 03:00,460,1.34,5.316,770.877
20-12-2019 04:00,461,1.334,6.096,1160.076
20-12-2019 05:00,462,1.331,6.256,1249.806
20-12-2019 06:00,463,1.331,6.588,1444.595
20-12-2019 07:00,464,1.332,6.866,1620.88
20-12-2019 08:00,465,1.334,6.653,1483.128
20-12-2019 09:00,466,1.336,6.727,1533.388
20-12-2019 10:00,467,1.338,6.6,1456.577
20-12-2019 11:00,468,1.34,6.258,1252.8
20-12-2019 12:00,469,1.341,6.025,1121.136
20-12-2019 13:00,470,1.343,5.887,1044.446
20-12-2019 14:00,471,1.344,5.636,917.085
20-12-2019 15:00,472,1.346,5.303,764.947
20-12-2019 16:00,473,1.348,5.317,771.209
20-12-2019 17:00,474,1.35,5.142,691.054
20-12-2019 18:00,475,1.352,4.752,536.297
20-12-2019 19:00,476,1.354,4.339,394.416
20-12-2019 20:00,477,1.355,4.178,345.106
20-12-2019 21:00,478,1.356,3.993,292.61
20-12-2019 22:00,479,1.356,3.939,278.102
20-12-2019 23:00,480,1.357,3.724,225.231
21-12-2019 00:00,481,1.357,3.443,162.904
21-12-2019 01:00,482,1.355,3.171,112.517
21-12-2019 02:00,483,1.35,2.767,57.153
21-12-2019 03:00,484,1.345,2.143,12.501
21-12-2019 04:00,485,1.341,1.335,0.372
21-12-2019 05:00,486,1.339,0.532,0
21-12-2019 06:00,487,1.34,0.451,0
21-12-2019 07:00,488,1.342,0.904,0.01
21-12-2019 08:00,489,1.346,1.258,0.228
21-12-2019 09:00,490,1.349,1.428,0.64
21-12-2019 10:00,491,1.351,1.997,7.8
21-12-2019 11:00,492,1.354,2.824,63.625
21-12-2019 12:00,493,1.355,3.49,173.694
21-12-2019 13:00,494,1.357,4.026,303.363
21-12-2019 14:00,495,1.359,4.283,379.855
21-12-2019 15:00,496,1.361,4.261,370.162
21-12-2019 16:00,497,1.364,4.033,305.357
21-12-2019 17:00,498,1.367,3.692,216.622
21-12-2019 18:00,499,1.369,3.53,180.144
21-12-2019 19:00,500,1.371,3.491,173.976
21-12-2019 20:00,501,1.373,3.418,157.219
21-12-2019 21:00,502,1.375,3.362,146.81
21-12-2019 22:00,503,1.375,3.28,131.191
21-12-2019 23:00,504,1.376,3.101,101.255
22-12-2019 00:00,505,1.375,2.828,64.144
22-12-2019 01:00,506,1.371,2.482,31.642
22-12-2019 02:00,507,1.364,2.353,22.963
22-12-2019 03:00,508,1.356,2.532,35.628
22-12-2019 04:00,509,1.351,2.836,65.049
22-12-2019 05:00,510,1.348,2.885,71.015
22-12-2019 06:00,511,1.347,2.781,59.643
22-12-2019 07:00,512,1.349,2.584,39.71
22-12-2019 08:00,513,1.351,2.408,26.056
22-12-2019 09:00,514,1.354,1.985,7.472
22-12-2019 10:00,515,1.357,1.7,2.532
22-12-2019 11:00,516,1.359,1.566,1.366
22-12-2019 12:00,517,1.361,1.534,1.138
22-12-2019 13:00,518,1.363,1.502,0.954
22-12-2019 14:00,519,1.365,1.481,0.854
22-12-2019 15:00,520,1.367,1.533,1.13
22-12-2019 16:00,521,1.37,1.859,4.717
22-12-2019 17:00,522,1.373,2.362,23.202
22-12-2019 18:00,523,1.376,2.788,60.4
22-12-2019 19:00,524,1.378,3.002,86.625
22-12-2019 20:00,525,1.38,3.021,89.409
22-12-2019 21:00,526,1.382,3,86.307
22-12-2019 22:00,527,1.384,3.017,88.729
22-12-2019 23:00,528,1.386,3.02,89.224
23-12-2019 00:00,529,1.385,2.951,80.696
23-12-2019 01:00,530,1.382,2.925,76.134
23-12-2019 02:00,531,1.374,3.083,98.594
23-12-2019 03:00,532,1.367,3.338,141.88
23-12-2019 04:00,533,1.362,3.773,235.86
23-12-2019 05:00,534,1.359,4.045,306.923
23-12-2019 06:00,535,1.359,4.21,354.675
23-12-2019 07:00,536,1.362,4.247,365.728
23-12-2019 08:00,537,1.366,4.291,381.987
23-12-2019 09:00,538,1.369,3.793,240.58
23-12-2019 10:00,539,1.371,3.562,187.04
23-12-2019 11:00,540,1.373,3.995,293.211
23-12-2019 12:00,541,1.374,4.42,420.525
23-12-2019 13:00,542,1.376,4.617,489.871
23-12-2019 14:00,543,1.377,5.04,652.397
23-12-2019 15:00,544,1.379,5.257,740.651
23-12-2019 16:00,545,1.382,5.127,684.708
23-12-2019 17:00,546,1.384,5.214,721.78
23-12-2019 18:00,547,1.387,5.267,745.065
23-12-2019 19:00,548,1.388,4.969,620.028
23-12-2019 20:00,549,1.39,4.785,552.207
23-12-2019 21:00,550,1.391,4.313,386.424
23-12-2019 22:00,551,1.391,3.756,231.712
23-12-2019 23:00,552,1.391,3.504,175.88
24-12-2019 00:00,553,1.39,3.735,226.676
24-12-2019 01:00,554,1.384,3.962,286.674
24-12-2019 02:00,555,1.376,3.996,293.356
24-12-2019 03:00,556,1.367,3.873,263.27
24-12-2019 04:00,557,1.361,3.911,270.723
24-12-2019 05:00,558,1.357,4.465,435.432
24-12-2019 06:00,559,1.356,4.702,517.967
24-12-2019 07:00,560,1.358,4.83,565.61
24-12-2019 08:00,561,1.36,5.063,661.724
24-12-2019 09:00,562,1.362,4.291,381.979
24-12-2019 10:00,563,1.363,3.774,235.998
24-12-2019 11:00,564,1.364,3.621,202.036
24-12-2019 12:00,565,1.365,3.572,189.364
24-12-2019 13:00,566,1.366,3.316,137.81
24-12-2019 14:00,567,1.367,3.224,122.969
24-12-2019 15:00,568,1.368,2.907,73.846
24-12-2019 16:00,569,1.369,1.967,7.08
24-12-2019 17:00,570,1.37,1.422,0.618
24-12-2019 18:00,571,1.371,1.891,5.326
24-12-2019 19:00,572,1.371,2.493,31.962
24-12-2019 20:00,573,1.371,3.007,87.287
24-12-2019 21:00,574,1.372,3.435,160.617
24-12-2019 22:00,575,1.372,3.905,270.29
24-12-2019 23:00,576,1.373,4.515,452.205
25-12-2019 00:00,577,1.372,5.142,690.887
25-12-2019 01:00,578,1.369,5.519,860.191
25-12-2019 02:00,579,1.363,5.627,912.456
25-12-2019 03:00,580,1.357,5.769,983.323
25-12-2019 04:00,581,1.352,5.819,1009.117
25-12-2019 05:00,582,1.35,5.717,958.562
25-12-2019 06:00,583,1.35,5.61,904.336
25-12-2019 07:00,584,1.353,5.613,905.759
25-12-2019 08:00,585,1.356,5.104,675.024
25-12-2019 09:00,586,1.36,4.568,470.197
25-12-2019 10:00,587,1.363,4,294.528
25-12-2019 11:00,588,1.365,3.284,131.931
25-12-2019 12:00,589,1.367,2.457,29.948
25-12-2019 13:00,590,1.369,1.942,6.448
25-12-2019 14:00,591,1.37,1.901,5.524
25-12-2019 15:00,592,1.372,2.238,16.55
25-12-2019 16:00,593,1.374,2.735,54.15
25-12-2019 17:00,594,1.375,3.071,96.779
25-12-2019 18:00,595,1.377,2.957,81.547
25-12-2019 19:00,596,1.378,2.664,46.546
25-12-2019 20:00,597,1.379,2.568,38.611
25-12-2019 21:00,598,1.38,2.655,45.682
25-12-2019 22:00,599,1.38,2.727,53.769
25-12-2019 23:00,600,1.38,2.973,83.831
26-12-2019 00:00,601,1.38,3.141,107.623
26-12-2019 01:00,602,1.376,3.542,182.887
26-12-2019 02:00,603,1.37,3.921,273.168
26-12-2019 03:00,604,1.363,3.887,266.695
26-12-2019 04:00,605,1.357,3.8,242.281
26-12-2019 05:00,606,1.354,3.709,222.422
26-12-2019 06:00,607,1.354,3.476,170.796
26-12-2019 07:00,608,1.355,3.2,118.671
26-12-2019 08:00,609,1.357,3.052,93.933
26-12-2019 09:00,610,1.36,2.736,54.174
26-12-2019 10:00,611,1.363,2.986,84.865
26-12-2019 11:00,612,1.366,4.03,305.276
26-12-2019 12:00,613,1.369,4.433,424.82
26-12-2019 13:00,614,1.372,4.546,464.02
26-12-2019 14:00,615,1.374,4.423,421.623
26-12-2019 15:00,616,1.376,4.286,380.569
26-12-2019 16:00,617,1.377,4.014,298.436
26-12-2019 17:00,618,1.379,3.717,224.304
26-12-2019 18:00,619,1.38,3.885,266.367
26-12-2019 19:00,620,1.381,4.003,295.323
26-12-2019 20:00,621,1.382,4.112,326.246
26-12-2019 21:00,622,1.383,4.314,386.592
26-12-2019 22:00,623,1.385,4.507,449.337
26-12-2019 23:00,624,1.386,4.546,464.023
27-12-2019 00:00,625,1.386,4.426,422.649
27-12-2019 01:00,626,1.383,4.166,341.714
27-12-2019 02:00,627,1.378,4.074,314.937
27-12-2019 03:00,628,1.371,4.016,298.947
27-12-2019 04:00,629,1.365,3.885,266.243
27-12-2019 05:00,630,1.361,3.683,214.317
27-12-2019 06:00,631,1.36,3.455,166.54
27-12-2019 07:00,632,1.36,3.308,136.267
27-12-2019 08:00,633,1.361,3.035,91.456
27-12-2019 09:00,634,1.362,2.697,50.42
27-12-2019 10:00,635,1.361,2.495,32.166
27-12-2019 11:00,636,1.36,2.325,21.481
27-12-2019 12:00,637,1.36,2.148,12.727
27-12-2019 13:00,638,1.359,2.034,9.052
27-12-2019 14:00,639,1.359,1.985,7.479
27-12-2019 15:00,640,1.359,2.009,8.128
27-12-2019 16:00,641,1.36,1.885,5.283
27-12-2019 17:00,642,1.361,1.841,4.399
27-12-2019 18:00,643,1.362,2.179,13.932
27-12-2019 19:00,644,1.363,2.703,51.28
27-12-2019 20:00,645,1.365,3.184,114.703
27-12-2019 21:00,646,1.367,3.54,182.324
27-12-2019 22:00,647,1.37,3.695,217.987
27-12-2019 23:00,648,1.373,3.693,217.19
28-12-2019 00:00,649,1.374,3.656,208.123
28-12-2019 01:00,650,1.372,3.631,204.476
28-12-2019 02:00,651,1.367,3.45,165.42
28-12-2019 03:00,652,1.361,2.972,83.69
28-12-2019 04:00,653,1.357,2.338,22.251
28-12-2019 05:00,654,1.355,1.662,2.125
28-12-2019 06:00,655,1.355,1.113,0.083
28-12-2019 07:00,656,1.357,0.755,0
28-12-2019 08:00,657,1.359,1.211,0.166
28-12-2019 09:00,658,1.361,1.559,1.315
28-12-2019 10:00,659,1.362,1.705,2.549
28-12-2019 11:00,660,1.363,1.925,6.043
28-12-2019 12:00,661,1.364,1.963,7.057
28-12-2019 13:00,662,1.365,1.91,5.717
28-12-2019 14:00,663,1.366,1.607,1.606
28-12-2019 15:00,664,1.368,1.267,0.241
28-12-2019 16:00,665,1.369,0.894,0.01
28-12-2019 17:00,666,1.37,0.987,0.025
28-12-2019 18:00,667,1.371,1.657,2.093
28-12-2019 19:00,668,1.372,2.465,30.536
28-12-2019 20:00,669,1.372,3.289,132.848
28-12-2019 21:00,670,1.372,4.108,324.856
28-12-2019 22:00,671,1.371,4.877,587.153
28-12-2019 23:00,672,1.37,5.517,859.688
29-12-2019 00:00,673,1.368,5.917,1060.14
29-12-2019 01:00,674,1.365,5.901,1051.697
29-12-2019 02:00,675,1.359,5.923,1063.38
29-12-2019 03:00,676,1.353,6.43,1348.353
29-12-2019 04:00,677,1.349,7.092,1764.418
29-12-2019 05:00,678,1.347,7.395,1972.136
29-12-2019 06:00,679,1.347,7.602,2111.452
29-12-2019 07:00,680,1.348,7.771,2222.356
29-12-2019 08:00,681,1.35,8.232,2540.962
29-12-2019 09:00,682,1.352,8.715,2868.79
29-12-2019 10:00,683,1.354,8.791,2915.77
29-12-2019 11:00,684,1.356,8.616,2799.863
29-12-2019 12:00,685,1.357,8.169,2502.871
29-12-2019 13:00,686,1.359,7.841,2270.435
29-12-2019 14:00,687,1.361,7.665,2155.974
29-12-2019 15:00,688,1.363,7.575,2091.216
29-12-2019 16:00,689,1.367,7.401,1975.311
29-12-2019 17:00,690,1.37,6.678,1499.962
29-12-2019 18:00,691,1.374,5.801,1004.123
29-12-2019 19:00,692,1.378,4.664,506.199
29-12-2019 20:00,693,1.382,3.905,270.3
29-12-2019 21:00,694,1.385,3.28,131.309
29-12-2019 22:00,695,1.387,2.466,30.552
29-12-2019 23:00,696,1.39,2.213,15.665
30-12-2019 00:00,697,1.391,2.164,13.356
30-12-2019 01:00,698,1.389,2.756,55.963
30-12-2019 02:00,699,1.384,3.762,233.184
30-12-2019 03:00,700,1.379,4.54,463.789
30-12-2019 04:00,701,1.375,5.025,644.584
30-12-2019 05:00,702,1.372,5.112,678.56
30-12-2019 06:00,703,1.372,5.189,710.988
30-12-2019 07:00,704,1.374,5.307,767.046
30-12-2019 08:00,705,1.377,4.909,595.995
30-12-2019 09:00,706,1.38,4.366,404.891
30-12-2019 10:00,707,1.381,4.444,428.357
30-12-2019 11:00,708,1.383,4.947,611.269
30-12-2019 12:00,709,1.385,5.507,854.571
30-12-2019 13:00,710,1.387,5.889,1045.665
30-12-2019 14:00,711,1.389,6.167,1200.528
30-12-2019 15:00,712,1.391,6.572,1434.392
30-12-2019 16:00,713,1.394,6.936,1665.137
30-12-2019 17:00,714,1.396,7.366,1950.309
30-12-2019 18:00,715,1.398,7.293,1897
30-12-2019 19:00,716,1.4,6.883,1629.479
30-12-2019 20:00,717,1.401,6.472,1374.04
30-12-2019 21:00,718,1.402,6.621,1468.884
30-12-2019 22:00,719,1.402,6.651,1482.002
30-12-2019 23:00,720,1.402,6.389,1324.201
31-12-2019 00:00,721,1.4,6.115,1167.327
31-12-2019 01:00,722,1.394,6.171,1203.574
31-12-2019 02:00,723,1.384,6.279,1259.986
31-12-2019 03:00,724,1.375,6.342,1297.675
31-12-2019 04:00,725,1.367,6.21,1226.143
31-12-2019 05:00,726,1.363,5.735,966.312
31-12-2019 06:00,727,1.361,5.533,871.61
31-12-2019 07:00,728,1.362,5.596,897.241
31-12-2019 08:00,729,1.364,5.465,837.127
31-12-2019 09:00,730,1.365,4.978,623.287
31-12-2019 10:00,731,1.366,5.518,860.165
31-12-2019 11:00,732,1.367,6.227,1234.687
31-12-2019 12:00,733,1.369,6.142,1182.36
31-12-2019 13:00,734,1.37,5.961,1088.591
31-12-2019 14:00,735,1.372,5.76,978.892
31-12-2019 15:00,736,1.374,6.024,1119.213
31-12-2019 16:00,737,1.377,6.525,1405.135
31-12-2019 17:00,738,1.38,6.585,1444.48
31-12-2019 18:00,739,1.383,6.485,1386.523
31-12-2019 19:00,740,1.385,6.26,1254.654
31-12-2019 20:00,741,1.387,5.784,995.959
31-12-2019 21:00,742,1.388,4.955,614.468
31-12-2019 22:00,743,1.388,4.525,457.358
31-12-2019 23:00,744,1.389,4.402,417.579
01-01-2019 08:00,745,1.335,6.178,1203.8
01-01-2019 09:00,746,1.337,6.534,1410.415
01-01-2019 10:00,747,1.339,6.747,1547.633
01-01-2019 11:00,748,1.34,6.765,1556.072
01-01-2019 12:00,749,1.342,6.606,1456.741
01-01-2019 13:00,750,1.344,6.167,1200.324
01-01-2019 14:00,751,1.346,5.536,872.979
01-01-2019 15:00,752,1.349,4.828,564.841
01-01-2019 16:00,753,1.353,4.909,596.188
01-01-2019 17:00,754,1.356,5.143,691.624
01-01-2019 18:00,755,1.359,5.203,719.946
01-01-2019 19:00,756,1.362,5.329,773.037
01-01-2019 20:00,757,1.364,5.276,751.143
01-01-2019 21:00,758,1.366,4.712,521.661
01-01-2019 22:00,759,1.367,4.187,347.777
01-01-2019 23:00,760,1.368,3.718,224.596
02-01-2019 00:00,761,1.366,3.291,133.132
02-01-2019 01:00,762,1.36,2.958,81.689
02-01-2019 02:00,763,1.351,2.689,49.052
02-01-2019 03:00,764,1.342,2.443,28.576
02-01-2019 04:00,765,1.336,2.157,13.065
02-01-2019 05:00,766,1.332,2.055,9.707
02-01-2019 06:00,767,1.332,2.124,11.803
02-01-2019 07:00,768,1.334,2.129,11.997
02-01-2019 08:00,769,1.337,2.134,12.164
02-01-2019 09:00,770,1.34,3.019,88.999
02-01-2019 10:00,771,1.343,4.137,335.753
02-01-2019 11:00,772,1.345,4.821,562.194
02-01-2019 12:00,773,1.347,5.215,722.226
02-01-2019 13:00,774,1.349,5.362,787.608
02-01-2019 14:00,775,1.351,5.341,778.09
02-01-2019 15:00,776,1.354,5.515,858.633
02-01-2019 16:00,777,1.357,6.178,1203.781
02-01-2019 17:00,778,1.359,6.259,1253.46
02-01-2019 18:00,779,1.361,6.246,1243.41
02-01-2019 19:00,780,1.363,6.211,1226.154
02-01-2019 20:00,781,1.365,5.977,1097.053
02-01-2019 21:00,782,1.366,5.81,1004.43
02-01-2019 22:00,783,1.366,5.288,758.601
02-01-2019 23:00,784,1.366,5.119,681.489
03-01-2019 00:00,785,1.363,4.572,471.904
03-01-2019 01:00,786,1.355,4.411,420.292
03-01-2019 02:00,787,1.345,4.266,371.82
03-01-2019 03:00,788,1.336,4.058,310.497
03-01-2019 04:00,789,1.329,3.663,209.676
03-01-2019 05:00,790,1.326,3.151,109.261
03-01-2019 06:00,791,1.325,2.946,79.664
03-01-2019 07:00,792,1.327,2.84,65.525
03-01-2019 08:00,793,1.33,2.927,76.461
03-01-2019 09:00,794,1.332,2.931,76.911
03-01-2019 10:00,795,1.333,3.651,206.935
03-01-2019 11:00,796,1.335,4.443,428.154
03-01-2019 12:00,797,1.336,5.006,634.631
03-01-2019 13:00,798,1.336,4.882,588.492
03-01-2019 14:00,799,1.337,4.276,376.372
03-01-2019 15:00,800,1.338,4.025,302.365
03-01-2019 16:00,801,1.339,4.291,381.965
03-01-2019 17:00,802,1.34,4.646,500.95
03-01-2019 18:00,803,1.341,5.046,655.073
03-01-2019 19:00,804,1.341,5.558,883.458
03-01-2019 20:00,805,1.341,6.144,1183.862
03-01-2019 21:00,806,1.341,6.723,1528.621
03-01-2019 22:00,807,1.34,7.021,1716.749
03-01-2019 23:00,808,1.34,7,1703.317
04-01-2019 00:00,809,1.338,6.574,1437.748
04-01-2019 01:00,810,1.334,5.717,958.576
04-01-2019 02:00,811,1.328,5.125,683.955
04-01-2019 03:00,812,1.322,4.788,553.163
04-01-2019 04:00,813,1.319,4.897,591.611
04-01-2019 05:00,814,1.317,5.309,767.835
04-01-2019 06:00,815,1.318,5.706,956.381
04-01-2019 07:00,816,1.319,5.923,1063.486
04-01-2019 08:00,817,1.322,5.683,940.121
04-01-2019 09:00,818,1.325,5.768,982.948
04-01-2019 10:00,819,1.328,6.51,1396.153
04-01-2019 11:00,820,1.33,7.488,2033.666
04-01-2019 12:00,821,1.333,8.004,2384.736
04-01-2019 13:00,822,1.335,8.094,2447.21
04-01-2019 14:00,823,1.337,7.912,2320.978
04-01-2019 15:00,824,1.34,7.942,2339.77
04-01-2019 16:00,825,1.343,7.821,2257.381
04-01-2019 17:00,826,1.347,7.569,2083.361
04-01-2019 18:00,827,1.35,6.849,1612.151
04-01-2019 19:00,828,1.353,6.351,1306.841
04-01-2019 20:00,829,1.355,6.367,1315.42
04-01-2019 21:00,830,1.357,6.427,1348.246
04-01-2019 22:00,831,1.359,6.06,1137.228
04-01-2019 23:00,832,1.361,5.721,958.982
05-01-2019 00:00,833,1.36,5.276,751.672
05-01-2019 01:00,834,1.355,4.868,582.97
05-01-2019 02:00,835,1.347,4.862,578.778
05-01-2019 03:00,836,1.341,4.853,574.46
05-01-2019 04:00,837,1.336,4.523,455.939
05-01-2019 05:00,838,1.333,4.651,502.885
05-01-2019 06:00,839,1.333,4.585,476.408
05-01-2019 07:00,840,1.335,4.615,488.151
05-01-2019 08:00,841,1.34,4.851,573.552
05-01-2019 09:00,842,1.343,5.167,701.494
05-01-2019 10:00,843,1.345,5.495,849.178
05-01-2019 11:00,844,1.347,5.842,1021.143
05-01-2019 12:00,845,1.35,6.099,1163.755
05-01-2019 13:00,846,1.351,6.323,1287.631
05-01-2019 14:00,847,1.353,6.479,1383.077
05-01-2019 15:00,848,1.356,6.252,1246.218
05-01-2019 16:00,849,1.359,6.745,1546.252
05-01-2019 17:00,850,1.362,6.844,1605.6
05-01-2019 18:00,851,1.364,6.82,1587.664
05-01-2019 19:00,852,1.366,6.615,1462.358
05-01-2019 20:00,853,1.368,6.438,1357.705
05-01-2019 21:00,854,1.369,6.14,1181.506
05-01-2019 22:00,855,1.37,5.661,929.202
05-01-2019 23:00,856,1.371,5.044,654.147
06-01-2019 00:00,857,1.368,4.477,439.466
06-01-2019 01:00,858,1.361,3.831,250.142
06-01-2019 02:00,859,1.351,3.367,148.345
06-01-2019 03:00,860,1.342,3.053,93.989
06-01-2019 04:00,861,1.336,2.696,50.123
06-01-2019 05:00,862,1.333,2.287,19.418
06-01-2019 06:00,863,1.333,2.239,16.615
06-01-2019 07:00,864,1.335,2.102,11.015
06-01-2019 08:00,865,1.338,1.992,7.658
06-01-2019 09:00,866,1.341,2.203,15.296
06-01-2019 10:00,867,1.342,2.882,70.65
06-01-2019 11:00,868,1.343,3.884,266.059
06-01-2019 12:00,869,1.343,4.568,470.315
06-01-2019 13:00,870,1.344,4.805,559.677
06-01-2019 14:00,871,1.344,4.582,475.044
06-01-2019 15:00,872,1.346,4.538,463.12
06-01-2019 16:00,873,1.348,4.651,502.994
06-01-2019 17:00,874,1.351,4.241,364.11
06-01-2019 18:00,875,1.353,3.864,259.235
06-01-2019 19:00,876,1.355,3.692,216.939
06-01-2019 20:00,877,1.357,3.584,191.887
06-01-2019 21:00,878,1.359,3.415,156.727
06-01-2019 22:00,879,1.36,3.23,124.003
06-01-2019 23:00,880,1.361,3.12,105.547
07-01-2019 00:00,881,1.359,3.008,87.44
07-01-2019 01:00,882,1.353,3.031,90.852
07-01-2019 02:00,883,1.343,3.264,128.387
07-01-2019 03:00,884,1.335,3.527,179.494
07-01-2019 04:00,885,1.33,3.597,194.86
07-01-2019 05:00,886,1.327,3.422,158.085
07-01-2019 06:00,887,1.327,3.237,125.078
07-01-2019 07:00,888,1.329,2.662,46.409
07-01-2019 08:00,889,1.332,1.999,7.86
07-01-2019 09:00,890,1.334,2.721,53.087
07-01-2019 10:00,891,1.336,3.617,200.708
07-01-2019 11:00,892,1.339,4.269,372.548
07-01-2019 12:00,893,1.341,4.489,443.521
07-01-2019 13:00,894,1.344,4.585,476.313
07-01-2019 14:00,895,1.346,4.514,451.984
07-01-2019 15:00,896,1.349,4.502,447.924
07-01-2019 16:00,897,1.353,5.159,698.205
07-01-2019 17:00,898,1.356,5.669,933.238
07-01-2019 18:00,899,1.358,6.022,1117.788
07-01-2019 19:00,900,1.361,6.142,1182.732
07-01-2019 20:00,901,1.363,5.889,1045.767
07-01-2019 21:00,902,1.363,5.32,772.58
07-01-2019 22:00,903,1.363,4.68,510.145
07-01-2019 23:00,904,1.363,4.239,363.506
08-01-2019 00:00,905,1.359,3.947,282.077
08-01-2019 01:00,906,1.351,3.716,224.135
08-01-2019 02:00,907,1.341,3.6,195.458
08-01-2019 03:00,908,1.332,3.458,167.137
08-01-2019 04:00,909,1.327,3.356,145.229
08-01-2019 05:00,910,1.324,3.052,93.818
08-01-2019 06:00,911,1.324,2.809,61.977
08-01-2019 07:00,912,1.326,3.036,91.547
08-01-2019 08:00,913,1.33,3.466,168.657
08-01-2019 09:00,914,1.333,4.079,316.539
08-01-2019 10:00,915,1.335,4.62,491.909
08-01-2019 11:00,916,1.337,5.623,910.694
08-01-2019 12:00,917,1.338,6.489,1389.079
08-01-2019 13:00,918,1.34,7.02,1716.59
08-01-2019 14:00,919,1.341,6.969,1683.847
08-01-2019 15:00,920,1.342,6.702,1515.033
08-01-2019 16:00,921,1.343,7.464,2012.06
08-01-2019 17:00,922,1.343,7.941,2338.882
08-01-2019 18:00,923,1.343,8.42,2673.804
08-01-2019 19:00,924,1.343,8.58,2782.219
08-01-2019 20:00,925,1.343,8.559,2762.071
08-01-2019 21:00,926,1.341,8.423,2674.314
08-01-2019 22:00,927,1.339,8.325,2609.878
08-01-2019 23:00,928,1.337,8.141,2477.927
09-01-2019 00:00,929,1.332,7.973,2361.247
09-01-2019 01:00,930,1.323,7.879,2297.103
09-01-2019 02:00,931,1.312,8.051,2421.029
09-01-2019 03:00,932,1.302,8.232,2540.203
09-01-2019 04:00,933,1.295,9.88,3572.736
09-01-2019 05:00,934,1.292,10.881,4047.07
09-01-2019 06:00,935,1.291,11.362,4226.362
09-01-2019 07:00,936,1.293,11.228,4179.327
09-01-2019 08:00,937,1.296,10.412,3843.145
09-01-2019 09:00,938,1.298,10.531,3896.443
09-01-2019 10:00,939,1.299,10.003,3638.477
09-01-2019 11:00,940,1.3,9.502,3361.241
09-01-2019 12:00,941,1.301,9.105,3117.564
09-01-2019 13:00,942,1.302,8.647,2824.622
09-01-2019 14:00,943,1.303,7.891,2305.122
09-01-2019 15:00,944,1.306,8.237,2546.888
09-01-2019 16:00,945,1.309,8.879,2973.246
09-01-2019 17:00,946,1.313,9.113,3122.54
09-01-2019 18:00,947,1.316,8.998,3051.09
09-01-2019 19:00,948,1.319,8.719,2868.765
09-01-2019 20:00,949,1.322,8.614,2798.266
09-01-2019 21:00,950,1.324,8.747,2888.599
09-01-2019 22:00,951,1.326,8.648,2825.792
09-01-2019 23:00,952,1.328,7.958,2350.513
10-01-2019 00:00,953,1.327,7.336,1928.214
10-01-2019 01:00,954,1.321,6.826,1595.198
10-01-2019 02:00,955,1.314,5.682,939.717
10-01-2019 03:00,956,1.307,5.175,705.083
10-01-2019 04:00,957,1.302,4.509,450.138
10-01-2019 05:00,958,1.3,3.874,263.406
10-01-2019 06:00,959,1.301,3.49,173.607
10-01-2019 07:00,960,1.304,3.17,112.412
10-01-2019 08:00,961,1.308,3.248,125.866
10-01-2019 09:00,962,1.311,3.141,107.652
10-01-2019 10:00,963,1.313,2.877,70.007
10-01-2019 11:00,964,1.315,3.476,170.679
10-01-2019 12:00,965,1.317,4.275,376.149
10-01-2019 13:00,966,1.318,4.629,495.091
10-01-2019 14:00,967,1.319,4.744,533.283
10-01-2019 15:00,968,1.321,5.331,773.448
10-01-2019 16:00,969,1.325,5.791,999.226
10-01-2019 17:00,970,1.328,5.892,1047.116
10-01-2019 18:00,971,1.33,5.855,1027.712
10-01-2019 19:00,972,1.332,5.699,952.284
10-01-2019 20:00,973,1.334,5.343,779.098
10-01-2019 21:00,974,1.336,4.744,533.292
10-01-2019 22:00,975,1.336,3.864,259.669
10-01-2019 23:00,976,1.336,2.927,76.377
11-01-2019 00:00,977,1.334,2.111,11.345
11-01-2019 01:00,978,1.328,1.404,0.581
11-01-2019 02:00,979,1.318,0.92,0.01
11-01-2019 03:00,980,1.308,0.816,0.003
11-01-2019 04:00,981,1.301,0.873,0.006
11-01-2019 05:00,982,1.298,1.04,0.045
11-01-2019 06:00,983,1.298,1.139,0.104
11-01-2019 07:00,984,1.3,1.323,0.346
11-01-2019 08:00,985,1.303,1.754,3.096
11-01-2019 09:00,986,1.306,1.69,2.357
11-01-2019 10:00,987,1.308,1.903,5.576
11-01-2019 11:00,988,1.309,3.017,88.818
11-01-2019 12:00,989,1.311,3.322,138.954
11-01-2019 13:00,990,1.312,3.25,125.913
11-01-2019 14:00,991,1.314,3.021,89.318
11-01-2019 15:00,992,1.315,2.914,74.683
11-01-2019 16:00,993,1.318,3.203,119.27
11-01-2019 17:00,994,1.32,4.089,319.394
11-01-2019 18:00,995,1.322,5.14,690.123
11-01-2019 19:00,996,1.324,5.95,1082.809
11-01-2019 20:00,997,1.326,6.478,1381.372
11-01-2019 21:00,998,1.329,6.737,1541.641
11-01-2019 22:00,999,1.33,6.864,1618.589
11-01-2019 23:00,1000,1.332,6.929,1658.018
12-01-2019 00:00,1001,1.332,7.022,1717.827
12-01-2019 01:00,1002,1.328,7.161,1809.246
12-01-2019 02:00,1003,1.319,7.287,1894.686
12-01-2019 03:00,1004,1.31,7.515,2050.055
12-01-2019 04:00,1005,1.302,7.852,2283.218
12-01-2019 05:00,1006,1.298,8.01,2393.466
12-01-2019 06:00,1007,1.297,8.103,2455.463
12-01-2019 07:00,1008,1.298,8.152,2489.838
12-01-2019 08:00,1009,1.3,7.044,1732.125
12-01-2019 09:00,1010,1.303,5.031,648.735
12-01-2019 10:00,1011,1.307,4.481,440.688
12-01-2019 11:00,1012,1.309,4.777,547.756
12-01-2019 12:00,1013,1.312,4.805,559.573
12-01-2019 13:00,1014,1.314,4.643,499.967
12-01-2019 14:00,1015,1.316,4.775,546.857
12-01-2019 15:00,1016,1.319,5.578,893.133
12-01-2019 16:00,1017,1.322,6.432,1350.971
12-01-2019 17:00,1018,1.325,7.372,1955.075
12-01-2019 18:00,1019,1.328,8.12,2469.058
12-01-2019 19:00,1020,1.331,8.39,2646.954
12-01-2019 20:00,1021,1.334,8.346,2620.762
12-01-2019 21:00,1022,1.336,8.182,2504.788
12-01-2019 22:00,1023,1.339,8.012,2393.491
12-01-2019 23:00,1024,1.341,7.849,2282.28
13-01-2019 00:00,1025,1.341,7.599,2110.078
13-01-2019 01:00,1026,1.336,7.274,1886.514
13-01-2019 02:00,1027,1.328,6.966,1683.742
13-01-2019 03:00,1028,1.321,6.536,1411.95
13-01-2019 04:00,1029,1.316,5.868,1034.355
13-01-2019 05:00,1030,1.313,5.172,703.702
13-01-2019 06:00,1031,1.313,4.772,544.514
13-01-2019 07:00,1032,1.315,4.404,418.301
13-01-2019 08:00,1033,1.318,3.54,182.315
13-01-2019 09:00,1034,1.321,2.931,76.926
13-01-2019 10:00,1035,1.322,2.777,58.958
13-01-2019 11:00,1036,1.323,2.712,52.175
13-01-2019 12:00,1037,1.324,2.623,42.735
13-01-2019 13:00,1038,1.325,2.543,36.541
13-01-2019 14:00,1039,1.326,2.453,29.654
13-01-2019 15:00,1040,1.327,2.59,39.802
13-01-2019 16:00,1041,1.329,2.829,64.203
13-01-2019 17:00,1042,1.331,2.801,61.826
13-01-2019 18:00,1043,1.332,2.573,39.054
13-01-2019 19:00,1044,1.334,2.369,23.616
13-01-2019 20:00,1045,1.335,2.49,31.748
13-01-2019 21:00,1046,1.336,2.742,54.447
13-01-2019 22:00,1047,1.336,2.953,80.987
13-01-2019 23:00,1048,1.336,3.04,92.171
14-01-2019 00:00,1049,1.333,3.053,94.099
14-01-2019 01:00,1050,1.328,3.011,87.916
14-01-2019 02:00,1051,1.321,3.166,111.7
14-01-2019 03:00,1052,1.315,3.335,141.238
14-01-2019 04:00,1053,1.311,3.163,111.165
14-01-2019 05:00,1054,1.308,2.944,79.114
14-01-2019 06:00,1055,1.307,2.762,56.658
14-01-2019 07:00,1056,1.308,2.723,53.305
14-01-2019 08:00,1057,1.31,2.754,55.708
14-01-2019 09:00,1058,1.311,2.888,71.428
14-01-2019 10:00,1059,1.313,3.253,126.39
14-01-2019 11:00,1060,1.315,3.578,190.578
14-01-2019 12:00,1061,1.317,3.636,205.479
14-01-2019 13:00,1062,1.32,3.489,173.443
14-01-2019 14:00,1063,1.322,3.277,130.698
14-01-2019 15:00,1064,1.324,2.854,67.251
14-01-2019 16:00,1065,1.327,2.565,38.32
14-01-2019 17:00,1066,1.331,2.485,31.681
14-01-2019 18:00,1067,1.334,2.468,30.723
14-01-2019 19:00,1068,1.336,2.321,21.241
14-01-2019 20:00,1069,1.339,2.04,9.252
14-01-2019 21:00,1070,1.342,2.006,8.029
14-01-2019 22:00,1071,1.344,2.447,29.112
14-01-2019 23:00,1072,1.346,3.156,110.109
15-01-2019 00:00,1073,1.345,3.945,280.826
15-01-2019 01:00,1074,1.342,4.624,493.311
15-01-2019 02:00,1075,1.337,5.21,720.165
15-01-2019 03:00,1076,1.332,5.908,1055.336
15-01-2019 04:00,1077,1.329,6.626,1469.041
15-01-2019 05:00,1078,1.328,7.504,2041.293
15-01-2019 06:00,1079,1.328,7.537,2063.736
15-01-2019 07:00,1080,1.33,7.724,2189.989
15-01-2019 08:00,1081,1.333,8.327,2610.993
15-01-2019 09:00,1082,1.335,8.321,2606.869
15-01-2019 10:00,1083,1.337,8.535,2748.633
15-01-2019 11:00,1084,1.338,8.926,3006.126
15-01-2019 12:00,1085,1.339,9.156,3152.265
15-01-2019 13:00,1086,1.339,9.085,3105.182
15-01-2019 14:00,1087,1.339,8.675,2842.262
15-01-2019 15:00,1088,1.34,7.715,2183.476
15-01-2019 16:00,1089,1.342,6.903,1640.777
15-01-2019 17:00,1090,1.343,6.57,1432.405
15-01-2019 18:00,1091,1.344,6.865,1619.167
15-01-2019 19:00,1092,1.345,7.091,1763.903
15-01-2019 20:00,1093,1.346,7.127,1788.322
15-01-2019 21:00,1094,1.346,6.943,1670.734
15-01-2019 22:00,1095,1.347,7.147,1806.128
15-01-2019 23:00,1096,1.347,7.023,1718.168
16-01-2019 00:00,1097,1.345,6.713,1524.695
16-01-2019 01:00,1098,1.341,6.33,1294.872
16-01-2019 02:00,1099,1.337,5.783,995.262
16-01-2019 03:00,1100,1.335,5.297,762.277
16-01-2019 04:00,1101,1.334,4.847,572.199
16-01-2019 05:00,1102,1.334,4.611,485.751
16-01-2019 06:00,1103,1.336,4.551,464.579
16-01-2019 07:00,1104,1.339,4.413,420.333
16-01-2019 08:00,1105,1.344,4.552,464.786
16-01-2019 09:00,1106,1.348,4.781,550.503
16-01-2019 10:00,1107,1.352,5.466,837.177
16-01-2019 11:00,1108,1.356,6.386,1322.372
16-01-2019 12:00,1109,1.36,7.18,1821.82
16-01-2019 13:00,1110,1.365,7.914,2323.67
16-01-2019 14:00,1111,1.369,8.511,2735.169
16-01-2019 15:00,1112,1.373,8.734,2880.628
16-01-2019 16:00,1113,1.378,8.841,2948.493
16-01-2019 17:00,1114,1.382,9.364,3277.198
16-01-2019 18:00,1115,1.385,10.065,3670.529
16-01-2019 19:00,1116,1.388,10.709,3975.129
16-01-2019 20:00,1117,1.39,11.371,4229.489
16-01-2019 21:00,1118,1.392,10.668,3957.398
16-01-2019 22:00,1119,1.394,9.601,3416.997
16-01-2019 23:00,1120,1.395,8.819,2933.821
17-01-2019 00:00,1121,1.393,8.171,2503.562
17-01-2019 01:00,1122,1.387,7.822,2258.525
17-01-2019 02:00,1123,1.379,7.746,2207.553
17-01-2019 03:00,1124,1.372,7.861,2284.15
17-01-2019 04:00,1125,1.366,8.096,2450.205
17-01-2019 05:00,1126,1.361,8.296,2586.997
17-01-2019 06:00,1127,1.359,8.411,2661.496
17-01-2019 07:00,1128,1.36,8.621,2802.923
17-01-2019 08:00,1129,1.362,9.158,3152.229
17-01-2019 09:00,1130,1.364,9.366,3278.83
17-01-2019 10:00,1131,1.365,9.741,3501.84
17-01-2019 11:00,1132,1.366,10.001,3637.537
17-01-2019 12:00,1133,1.367,9.875,3570.301
17-01-2019 13:00,1134,1.367,9.548,3386.341
17-01-2019 14:00,1135,1.368,9.08,3102.19
17-01-2019 15:00,1136,1.369,8.047,2416.559
17-01-2019 16:00,1137,1.37,7.378,1955.205
17-01-2019 17:00,1138,1.372,7.112,1778.361
17-01-2019 18:00,1139,1.373,6.958,1681.579
17-01-2019 19:00,1140,1.374,6.592,1447.04
17-01-2019 20:00,1141,1.375,6.277,1259.177
17-01-2019 21:00,1142,1.376,6.007,1111.973
17-01-2019 22:00,1143,1.376,5.861,1030.606
17-01-2019 23:00,1144,1.376,5.747,972.513
18-01-2019 00:00,1145,1.373,5.499,850.814
18-01-2019 01:00,1146,1.365,5.222,725.445
18-01-2019 02:00,1147,1.353,4.925,602.244
18-01-2019 03:00,1148,1.343,4.693,514.557
18-01-2019 04:00,1149,1.335,4.303,383.298
18-01-2019 05:00,1150,1.331,3.632,204.639
18-01-2019 06:00,1151,1.329,2.863,68.353
18-01-2019 07:00,1152,1.33,2.361,23.088
18-01-2019 08:00,1153,1.333,1.734,2.846
18-01-2019 09:00,1154,1.335,2.297,19.919
18-01-2019 10:00,1155,1.337,4.235,362.11
18-01-2019 11:00,1156,1.338,5.143,691.375
18-01-2019 12:00,1157,1.339,5.385,797.896
18-01-2019 13:00,1158,1.34,5.152,695.187
18-01-2019 14:00,1159,1.34,4.618,490.565
18-01-2019 15:00,1160,1.341,4.392,414.319
18-01-2019 16:00,1161,1.342,4.76,539.186
18-01-2019 17:00,1162,1.343,4.771,543.646
18-01-2019 18:00,1163,1.343,4.538,463.173
18-01-2019 19:00,1164,1.344,4.293,382.04
18-01-2019 20:00,1165,1.344,4.025,302.804
18-01-2019 21:00,1166,1.344,3.701,220.543
18-01-2019 22:00,1167,1.344,3.391,151.952
18-01-2019 23:00,1168,1.344,3.221,122.471
19-01-2019 00:00,1169,1.342,3.069,96.378
19-01-2019 01:00,1170,1.335,2.914,74.73
19-01-2019 02:00,1171,1.324,3.017,88.753
19-01-2019 03:00,1172,1.315,3.34,142.266
19-01-2019 04:00,1173,1.309,3.63,204.185
19-01-2019 05:00,1174,1.306,3.933,276.422
19-01-2019 06:00,1175,1.305,4.283,379.742
19-01-2019 07:00,1176,1.307,4.462,434.223
19-01-2019 08:00,1177,1.31,3.86,257.49
19-01-2019 09:00,1178,1.313,2.799,61.679
19-01-2019 10:00,1179,1.316,3.887,266.785
19-01-2019 11:00,1180,1.319,5.125,683.701
19-01-2019 12:00,1181,1.322,5.991,1099.735
19-01-2019 13:00,1182,1.324,6.412,1339.28
19-01-2019 14:00,1183,1.327,6.265,1254.855
19-01-2019 15:00,1184,1.33,6.777,1560.497
19-01-2019 16:00,1185,1.333,7.735,2200.796
19-01-2019 17:00,1186,1.336,8.214,2527.138
19-01-2019 18:00,1187,1.339,8.302,2592.618
19-01-2019 19:00,1188,1.342,8.164,2495.355
19-01-2019 20:00,1189,1.344,7.825,2262.077
19-01-2019 21:00,1190,1.345,7.896,2311.959
19-01-2019 22:00,1191,1.347,7.682,2161.173
19-01-2019 23:00,1192,1.347,7.448,2002.552
20-01-2019 00:00,1193,1.345,7.095,1769.019
20-01-2019 01:00,1194,1.34,6.71,1524.61
20-01-2019 02:00,1195,1.333,6.383,1320.658
20-01-2019 03:00,1196,1.325,6.37,1318.497
20-01-2019 04:00,1197,1.32,6.323,1286.961
20-01-2019 05:00,1198,1.316,6.116,1167.837
20-01-2019 06:00,1199,1.315,6.222,1228.617
20-01-2019 07:00,1200,1.315,5.872,1036.412
20-01-2019 08:00,1201,1.316,5.42,814
20-01-2019 09:00,1202,1.318,5.712,958.387
20-01-2019 10:00,1203,1.32,6.392,1325.734
20-01-2019 11:00,1204,1.322,6.998,1703.27
20-01-2019 12:00,1205,1.323,7.605,2111.495
20-01-2019 13:00,1206,1.325,8.024,2398.659
20-01-2019 14:00,1207,1.327,8.012,2393.482
20-01-2019 15:00,1208,1.328,7.899,2316.14
20-01-2019 16:00,1209,1.329,8.464,2697.277
20-01-2019 17:00,1210,1.331,8.726,2872.435
20-01-2019 18:00,1211,1.332,8.164,2495.64
20-01-2019 19:00,1212,1.333,7.154,1808.046
20-01-2019 20:00,1213,1.334,6.23,1237.663
20-01-2019 21:00,1214,1.335,5.381,796.15
20-01-2019 22:00,1215,1.335,4.575,472.816
20-01-2019 23:00,1216,1.336,3.853,255.771
21-01-2019 00:00,1217,1.334,3.237,125.167
21-01-2019 01:00,1218,1.327,2.783,59.861
21-01-2019 02:00,1219,1.317,2.566,38.45
21-01-2019 03:00,1220,1.308,2.533,35.721
21-01-2019 04:00,1221,1.302,2.442,28.489
21-01-2019 05:00,1222,1.299,2.092,10.88
21-01-2019 06:00,1223,1.298,1.636,1.902
21-01-2019 07:00,1224,1.299,1.373,0.483
21-01-2019 08:00,1225,1.301,1.327,0.353
21-01-2019 09:00,1226,1.303,1.286,0.284
21-01-2019 10:00,1227,1.304,3.318,138.22
21-01-2019 11:00,1228,1.305,4.249,366.602
21-01-2019 12:00,1229,1.306,4.891,589.071
21-01-2019 13:00,1230,1.307,5.133,687.185
21-01-2019 14:00,1231,1.308,4.901,592.856
21-01-2019 15:00,1232,1.309,4.666,506.248
21-01-2019 16:00,1233,1.31,4.675,508.277
21-01-2019 17:00,1234,1.311,4.461,433.955
21-01-2019 18:00,1235,1.312,4.494,444.952
21-01-2019 19:00,1236,1.312,5.103,674.618
21-01-2019 20:00,1237,1.313,5.937,1070.753
21-01-2019 21:00,1238,1.313,6.773,1558.26
21-01-2019 22:00,1239,1.312,7.234,1859.7
21-01-2019 23:00,1240,1.311,7.431,1989.772
22-01-2019 00:00,1241,1.307,7.208,1840.16
22-01-2019 01:00,1242,1.301,6.851,1612.956
22-01-2019 02:00,1243,1.293,6.715,1524.748
22-01-2019 03:00,1244,1.285,5.944,1077.023
22-01-2019 04:00,1245,1.28,5.605,901.726
22-01-2019 05:00,1246,1.278,5.767,982.334
22-01-2019 06:00,1247,1.278,6.048,1135.283
22-01-2019 07:00,1248,1.28,5.949,1081.701
22-01-2019 08:00,1249,1.283,5.255,739.898
22-01-2019 09:00,1250,1.287,5.145,692.221
22-01-2019 10:00,1251,1.291,5.304,765.51
22-01-2019 11:00,1252,1.294,4.805,559.808
22-01-2019 12:00,1253,1.298,4.908,595.679
22-01-2019 13:00,1254,1.301,5.341,777.987
22-01-2019 14:00,1255,1.305,5.982,1098.962
22-01-2019 15:00,1256,1.309,7.705,2176.488
22-01-2019 16:00,1257,1.313,9.378,3286.125
22-01-2019 17:00,1258,1.317,9.099,3114.118
22-01-2019 18:00,1259,1.321,8.424,2674.315
22-01-2019 19:00,1260,1.324,7.948,2343.775
22-01-2019 20:00,1261,1.327,7.76,2221.212
22-01-2019 21:00,1262,1.33,7.359,1941.757
22-01-2019 22:00,1263,1.332,7.014,1716.151
22-01-2019 23:00,1264,1.334,6.74,1543.298
23-01-2019 00:00,1265,1.332,6.43,1348.786
23-01-2019 01:00,1266,1.327,6.196,1214.995
23-01-2019 02:00,1267,1.321,5.851,1025.802
23-01-2019 03:00,1268,1.317,5.574,891.023
23-01-2019 04:00,1269,1.314,5.621,909.481
23-01-2019 05:00,1270,1.313,5.679,938.35
23-01-2019 06:00,1271,1.313,5.66,928.59
23-01-2019 07:00,1272,1.315,5.469,837.269
23-01-2019 08:00,1273,1.319,5.379,795.121
23-01-2019 09:00,1274,1.322,6.671,1499.756
23-01-2019 10:00,1275,1.324,8.065,2424.904
23-01-2019 11:00,1276,1.326,8.778,2912.839
23-01-2019 12:00,1277,1.329,9.07,3095.768
23-01-2019 13:00,1278,1.331,9.232,3197.714
23-01-2019 14:00,1279,1.333,9.164,3157.317
23-01-2019 15:00,1280,1.337,8.78,2914.976
23-01-2019 16:00,1281,1.34,8.838,2947.654
23-01-2019 17:00,1282,1.344,8.747,2888.596
23-01-2019 18:00,1283,1.347,8.463,2696.945
23-01-2019 19:00,1284,1.349,8.043,2411.313
23-01-2019 20:00,1285,1.351,7.69,2166.35
23-01-2019 21:00,1286,1.353,7.341,1929.72
23-01-2019 22:00,1287,1.354,7.25,1868.013
23-01-2019 23:00,1288,1.354,6.787,1567.162
24-01-2019 00:00,1289,1.351,6.248,1243.486
24-01-2019 01:00,1290,1.343,5.575,891.679
24-01-2019 02:00,1291,1.335,4.94,608.276
24-01-2019 03:00,1292,1.328,4.297,382.135
24-01-2019 04:00,1293,1.322,3.733,226.069
24-01-2019 05:00,1294,1.319,3.042,92.365
24-01-2019 06:00,1295,1.318,2.521,34.17
24-01-2019 07:00,1296,1.319,2.065,10.035
24-01-2019 08:00,1297,1.322,2.313,20.798
24-01-2019 09:00,1298,1.324,2.83,64.359
24-01-2019 10:00,1299,1.325,3.458,166.999
24-01-2019 11:00,1300,1.326,4.182,346.456
24-01-2019 12:00,1301,1.328,4.39,413.852
24-01-2019 13:00,1302,1.329,4.351,398.297
24-01-2019 14:00,1303,1.33,4.278,377.607
24-01-2019 15:00,1304,1.332,4.311,385.589
24-01-2019 16:00,1305,1.335,4.669,506.32
24-01-2019 17:00,1306,1.337,4.75,535.413
24-01-2019 18:00,1307,1.339,4.584,476.08
24-01-2019 19:00,1308,1.34,4.424,421.984
24-01-2019 20:00,1309,1.342,4.421,420.971
24-01-2019 21:00,1310,1.343,4.579,474.062
24-01-2019 22:00,1311,1.344,4.896,590.938
24-01-2019 23:00,1312,1.345,5.283,756.353
25-01-2019 00:00,1313,1.343,5.569,888.769
25-01-2019 01:00,1314,1.337,5.756,976.926
25-01-2019 02:00,1315,1.33,5.711,958.357
25-01-2019 03:00,1316,1.325,5.794,1001.207
25-01-2019 04:00,1317,1.322,5.99,1099.212
25-01-2019 05:00,1318,1.32,6.187,1211.153
25-01-2019 06:00,1319,1.319,6.385,1322.036
25-01-2019 07:00,1320,1.321,5.872,1036.686
25-01-2019 08:00,1321,1.324,5.098,672.685
25-01-2019 09:00,1322,1.326,5.06,660.696
25-01-2019 10:00,1323,1.327,5.366,789.279
25-01-2019 11:00,1324,1.328,5.7,953.254
25-01-2019 12:00,1325,1.33,5.979,1098.25
25-01-2019 13:00,1326,1.331,6.113,1166.159
25-01-2019 14:00,1327,1.333,6.101,1164.475
25-01-2019 15:00,1328,1.336,5.617,907.537
25-01-2019 16:00,1329,1.34,6.168,1201.058
25-01-2019 17:00,1330,1.343,6.998,1703.275
25-01-2019 18:00,1331,1.345,7.508,2046.815
25-01-2019 19:00,1332,1.347,7.857,2283.283
25-01-2019 20:00,1333,1.349,8.034,2407.282
25-01-2019 21:00,1334,1.35,8.053,2421.047
25-01-2019 22:00,1335,1.351,8.041,2408.208
25-01-2019 23:00,1336,1.35,8.025,2400.061
26-01-2019 00:00,1337,1.346,7.807,2246.791
26-01-2019 01:00,1338,1.337,7.111,1776.653
26-01-2019 02:00,1339,1.326,6.354,1306.935
26-01-2019 03:00,1340,1.316,5.97,1093.256
26-01-2019 04:00,1341,1.308,5.447,829.532
26-01-2019 05:00,1342,1.303,4.949,611.756
26-01-2019 06:00,1343,1.3,4.414,420.378
26-01-2019 07:00,1344,1.301,4.235,362.301
26-01-2019 08:00,1345,1.304,4.15,339.578
26-01-2019 09:00,1346,1.307,4.067,313.2
26-01-2019 10:00,1347,1.309,3.964,287.254
26-01-2019 11:00,1348,1.31,4.602,482.125
26-01-2019 12:00,1349,1.312,5.187,710.289
26-01-2019 13:00,1350,1.313,5.63,913.826
26-01-2019 14:00,1351,1.314,5.674,935.614
26-01-2019 15:00,1352,1.317,6.035,1126.151
26-01-2019 16:00,1353,1.32,7.483,2027.6
26-01-2019 17:00,1354,1.322,8.405,2660.743
26-01-2019 18:00,1355,1.324,8.797,2923.625
26-01-2019 19:00,1356,1.325,8.71,2868.281
26-01-2019 20:00,1357,1.326,8.444,2687.869
26-01-2019 21:00,1358,1.326,8.402,2660.738
26-01-2019 22:00,1359,1.326,8.701,2856.536
26-01-2019 23:00,1360,1.325,9.082,3102.99
27-01-2019 00:00,1361,1.32,9.277,3224.771
27-01-2019 01:00,1362,1.311,9.274,3222.522
27-01-2019 02:00,1363,1.3,8.984,3043.787
27-01-2019 03:00,1364,1.29,8.575,2779.024
27-01-2019 04:00,1365,1.283,8.269,2565.307
27-01-2019 05:00,1366,1.279,7.978,2364.969
27-01-2019 06:00,1367,1.277,7.805,2245.168
27-01-2019 07:00,1368,1.277,7.597,2107.485
27-01-2019 08:00,1369,1.279,6.609,1456.837
27-01-2019 09:00,1370,1.282,7.544,2066.847
27-01-2019 10:00,1371,1.284,9.24,3208.179
27-01-2019 11:00,1372,1.286,9.159,3152.209
27-01-2019 12:00,1373,1.287,8.99,3051.184
27-01-2019 13:00,1374,1.289,8.53,2748.64
27-01-2019 14:00,1375,1.291,7.443,2002.441
27-01-2019 15:00,1376,1.294,8.175,2503.593
27-01-2019 16:00,1377,1.298,9.234,3200.787
27-01-2019 17:00,1378,1.302,9.155,3152.289
27-01-2019 18:00,1379,1.306,8.645,2821.982
27-01-2019 19:00,1380,1.31,7.703,2175.402
27-01-2019 20:00,1381,1.314,7.01,1716.044
27-01-2019 21:00,1382,1.318,6.177,1203.759
27-01-2019 22:00,1383,1.322,5.755,976.113
27-01-2019 23:00,1384,1.324,5.438,822.19
28-01-2019 00:00,1385,1.323,4.843,570.596
28-01-2019 01:00,1386,1.317,4.633,496.512
28-01-2019 02:00,1387,1.311,5.107,676.19
28-01-2019 03:00,1388,1.306,5.638,917.85
28-01-2019 04:00,1389,1.302,5.771,984.83
28-01-2019 05:00,1390,1.3,5.213,721.538
28-01-2019 06:00,1391,1.3,5.204,719.986
28-01-2019 07:00,1392,1.302,5.266,744.482
28-01-2019 08:00,1393,1.305,5.603,900.983
28-01-2019 09:00,1394,1.308,5.907,1054.754
28-01-2019 10:00,1395,1.31,6.637,1473.411
28-01-2019 11:00,1396,1.312,7.097,1770.83
28-01-2019 12:00,1397,1.314,7.51,2049.893
28-01-2019 13:00,1398,1.316,7.714,2182.798
28-01-2019 14:00,1399,1.318,7.458,2008.046
28-01-2019 15:00,1400,1.32,6.452,1362.116
28-01-2019 16:00,1401,1.323,6.677,1499.917
28-01-2019 17:00,1402,1.325,6.709,1523.263
28-01-2019 18:00,1403,1.327,6.335,1295.324
28-01-2019 19:00,1404,1.328,5.677,937.228
28-01-2019 20:00,1405,1.33,4.782,550.855
28-01-2019 21:00,1406,1.331,3.915,271.673
28-01-2019 22:00,1407,1.332,3.532,180.665
28-01-2019 23:00,1408,1.331,3.584,192.011
29-01-2019 00:00,1409,1.326,3.647,206.609
29-01-2019 01:00,1410,1.316,3.77,235.025
29-01-2019 02:00,1411,1.303,4.14,336.649
29-01-2019 03:00,1412,1.293,4.969,619.911
29-01-2019 04:00,1413,1.287,6.139,1180.835
29-01-2019 05:00,1414,1.284,7.283,1894.578
29-01-2019 06:00,1415,1.283,7.98,2365.773
29-01-2019 07:00,1416,1.284,7.518,2050.135
29-01-2019 08:00,1417,1.286,5.944,1076.918
29-01-2019 09:00,1418,1.288,5.467,837.198
29-01-2019 10:00,1419,1.29,7.065,1746.005
29-01-2019 11:00,1420,1.291,8.253,2555.635
29-01-2019 12:00,1421,1.293,8.631,2809.442
29-01-2019 13:00,1422,1.294,8.499,2721.68
29-01-2019 14:00,1423,1.296,8.398,2657.737
29-01-2019 15:00,1424,1.298,8.912,2995.98
29-01-2019 16:00,1425,1.301,9.64,3439.49
29-01-2019 17:00,1426,1.303,9.994,3633.54
29-01-2019 18:00,1427,1.305,10.174,3729.415
29-01-2019 19:00,1428,1.307,10.457,3862.684
29-01-2019 20:00,1429,1.308,10.545,3903.047
29-01-2019 21:00,1430,1.309,10.004,3639.203
29-01-2019 22:00,1431,1.31,10.491,3882.827
29-01-2019 23:00,1432,1.311,10.244,3761.032
30-01-2019 00:00,1433,1.308,9.924,3600.01
30-01-2019 01:00,1434,1.304,9.448,3328.948
30-01-2019 02:00,1435,1.301,8.627,2807.23
30-01-2019 03:00,1436,1.3,7.74,2207.462
30-01-2019 04:00,1437,1.301,7.834,2269.472
30-01-2019 05:00,1438,1.302,8.029,2406.556
30-01-2019 06:00,1439,1.305,8.147,2485.962
30-01-2019 07:00,1440,1.31,8.564,2766.947
30-01-2019 08:00,1441,1.316,8.999,3051.075
30-01-2019 09:00,1442,1.321,10.028,3651.464
30-01-2019 10:00,1443,1.325,11.057,4115.781
30-01-2019 11:00,1444,1.329,11.488,4271.449
30-01-2019 12:00,1445,1.332,11.854,4380.234
30-01-2019 13:00,1446,1.335,12.436,4529.322
30-01-2019 14:00,1447,1.339,12.779,4602.714
30-01-2019 15:00,1448,1.342,12.517,4548.341
30-01-2019 16:00,1449,1.347,12.408,4523.427
30-01-2019 17:00,1450,1.351,12.433,4528.587
30-01-2019 18:00,1451,1.355,12.454,4533.467
30-01-2019 19:00,1452,1.358,12.15,4462.937
30-01-2019 20:00,1453,1.361,11.615,4308.969
30-01-2019 21:00,1454,1.363,10.982,4087.524
30-01-2019 22:00,1455,1.364,10.278,3777.596
30-01-2019 23:00,1456,1.364,9.715,3484.947
31-01-2019 00:00,1457,1.36,8.811,2928.378
31-01-2019 01:00,1458,1.35,8.559,2762.073
31-01-2019 02:00,1459,1.34,8.073,2432.48
31-01-2019 03:00,1460,1.332,7.658,2151.271
31-01-2019 04:00,1461,1.327,7.059,1741.943
31-01-2019 05:00,1462,1.324,6.255,1248.977
31-01-2019 06:00,1463,1.322,5.703,954.73
31-01-2019 07:00,1464,1.323,5.143,691.312
31-01-2019 08:00,1465,1.325,5.275,750.466
31-01-2019 09:00,1466,1.326,7.084,1761.93
31-01-2019 10:00,1467,1.328,7.973,2361.078
31-01-2019 11:00,1468,1.329,8.546,2756.138
31-01-2019 12:00,1469,1.33,8.664,2834.107
31-01-2019 13:00,1470,1.332,8.453,2689.661
31-01-2019 14:00,1471,1.333,8.077,2437.023
31-01-2019 15:00,1472,1.335,7.335,1928.205
31-01-2019 16:00,1473,1.337,6.744,1545.739
31-01-2019 17:00,1474,1.339,5.956,1086.04
31-01-2019 18:00,1475,1.341,4.925,602.382
31-01-2019 19:00,1476,1.343,4.09,319.648
31-01-2019 20:00,1477,1.344,3.872,262.919
31-01-2019 21:00,1478,1.344,4.043,306.338
31-01-2019 22:00,1479,1.344,4.819,561.773
31-01-2019 23:00,1480,1.344,5.95,1082.957
01-02-2019 00:00,1481,1.34,6.909,1644.301
01-02-2019 01:00,1482,1.331,7.286,1894.666
01-02-2019 02:00,1483,1.321,7.296,1898.71
01-02-2019 03:00,1484,1.312,7.042,1730.802
01-02-2019 04:00,1485,1.306,6.467,1372.079
01-02-2019 05:00,1486,1.304,5.775,988.592
01-02-2019 06:00,1487,1.303,5.388,799.345
01-02-2019 07:00,1488,1.304,4.629,494.883
01-02-2019 08:00,1489,1.308,3.304,135.538
01-02-2019 09:00,1490,1.312,3.049,93.516
01-02-2019 10:00,1491,1.316,3.151,109.266
01-02-2019 11:00,1492,1.32,4.198,351.186
01-02-2019 12:00,1493,1.323,5.222,725.246
01-02-2019 13:00,1494,1.325,5.292,760.191
01-02-2019 14:00,1495,1.328,4.823,563.079
01-02-2019 15:00,1496,1.33,4.177,344.799
01-02-2019 16:00,1497,1.333,3.703,221.195
01-02-2019 17:00,1498,1.335,3.433,160.289
01-02-2019 18:00,1499,1.337,3.504,175.865
01-02-2019 19:00,1500,1.339,3.88,264.97
01-02-2019 20:00,1501,1.34,4.248,366.182
01-02-2019 21:00,1502,1.341,4.604,482.869
01-02-2019 22:00,1503,1.342,5.2,719.872
01-02-2019 23:00,1504,1.341,5.655,926.088
02-02-2019 00:00,1505,1.338,6.137,1179.578
02-02-2019 01:00,1506,1.33,6.746,1547.034
02-02-2019 02:00,1507,1.32,7.392,1969.782
02-02-2019 03:00,1508,1.31,7.874,2297.03
02-02-2019 04:00,1509,1.304,7.995,2379.735
02-02-2019 05:00,1510,1.3,7.947,2343.007
02-02-2019 06:00,1511,1.299,7.811,2249.827
02-02-2019 07:00,1512,1.3,7.35,1941.547
02-02-2019 08:00,1513,1.303,5.963,1089.784
02-02-2019 09:00,1514,1.306,5.424,815.956
02-02-2019 10:00,1515,1.308,6.166,1199.479
02-02-2019 11:00,1516,1.31,6.784,1565.124
02-02-2019 12:00,1517,1.311,7.163,1811.927
02-02-2019 13:00,1518,1.312,6.881,1626.653
02-02-2019 14:00,1519,1.313,7.162,1811.012
02-02-2019 15:00,1520,1.314,8.199,2516.847
02-02-2019 16:00,1521,1.316,9.012,3063.942
02-02-2019 17:00,1522,1.318,9.47,3340.755
02-02-2019 18:00,1523,1.321,9.6,3416.833
02-02-2019 19:00,1524,1.323,9.506,3365.143
02-02-2019 20:00,1525,1.325,8.975,3035.198
02-02-2019 21:00,1526,1.326,8.304,2592.629
02-02-2019 22:00,1527,1.328,8.092,2444.844
02-02-2019 23:00,1528,1.328,7.742,2207.495
03-02-2019 00:00,1529,1.327,7.61,2111.595
03-02-2019 01:00,1530,1.322,7.287,1894.689
03-02-2019 02:00,1531,1.316,6.77,1556.239
03-02-2019 03:00,1532,1.312,6.181,1205.123
03-02-2019 04:00,1533,1.308,5.839,1019.61
03-02-2019 05:00,1534,1.307,5.251,738.213
03-02-2019 06:00,1535,1.308,4.433,424.824
03-02-2019 07:00,1536,1.31,3.43,159.615
03-02-2019 08:00,1537,1.315,3.117,104.745
03-02-2019 09:00,1538,1.32,4.342,395.319
03-02-2019 10:00,1539,1.326,5.883,1042.586
03-02-2019 11:00,1540,1.331,6.943,1670.745
03-02-2019 12:00,1541,1.336,7.66,2152.315
03-02-2019 13:00,1542,1.341,8.454,2690.758
03-02-2019 14:00,1543,1.345,9.172,3164.812
03-02-2019 15:00,1544,1.349,9.544,3384.099
03-02-2019 16:00,1545,1.354,9.649,3450.282
03-02-2019 17:00,1546,1.358,9.842,3552.447
03-02-2019 18:00,1547,1.362,9.856,3559.97
03-02-2019 19:00,1548,1.365,9.155,3152.277
03-02-2019 20:00,1549,1.368,8.226,2534.885
03-02-2019 21:00,1550,1.371,7.167,1817.933
03-02-2019 22:00,1551,1.373,6.197,1215.048
03-02-2019 23:00,1552,1.374,5.729,963.393
04-02-2019 00:00,1553,1.37,5.512,856.924
04-02-2019 01:00,1554,1.363,4.984,626.031
04-02-2019 02:00,1555,1.357,5.039,651.914
04-02-2019 03:00,1556,1.352,5.402,805.81
04-02-2019 04:00,1557,1.348,5.705,955.847
04-02-2019 05:00,1558,1.346,5.986,1099.083
04-02-2019 06:00,1559,1.345,6.309,1277.648
04-02-2019 07:00,1560,1.346,7.062,1743.443
04-02-2019 08:00,1561,1.348,8.114,2460.547
04-02-2019 09:00,1562,1.351,8.96,3025.332
04-02-2019 10:00,1563,1.352,9.821,3541.636
04-02-2019 11:00,1564,1.354,10.187,3736.917
04-02-2019 12:00,1565,1.355,10.315,3795.57
04-02-2019 13:00,1566,1.356,10.132,3704.964
04-02-2019 14:00,1567,1.357,9.351,3269.652
04-02-2019 15:00,1568,1.359,7.751,2209.588
04-02-2019 16:00,1569,1.362,6.084,1153.526
04-02-2019 17:00,1570,1.365,4.929,604.185
04-02-2019 18:00,1571,1.367,4.066,312.695
04-02-2019 19:00,1572,1.37,3.425,158.619
04-02-2019 20:00,1573,1.373,2.653,45.545
04-02-2019 21:00,1574,1.375,2.054,9.665
04-02-2019 22:00,1575,1.376,1.791,3.71
04-02-2019 23:00,1576,1.376,2.231,16.231
05-02-2019 00:00,1577,1.372,2.73,54.074
05-02-2019 01:00,1578,1.365,3.326,139.674
05-02-2019 02:00,1579,1.36,4.225,359.112
05-02-2019 03:00,1580,1.356,5.391,800.703
05-02-2019 04:00,1581,1.353,6.02,1115.589
05-02-2019 05:00,1582,1.352,6.848,1610.391
05-02-2019 06:00,1583,1.353,7.141,1802.321
05-02-2019 07:00,1584,1.355,7.362,1944.721
05-02-2019 08:00,1585,1.358,8.718,2868.772
05-02-2019 09:00,1586,1.362,10.122,3700.037
05-02-2019 10:00,1587,1.364,10.836,4030.086
05-02-2019 11:00,1588,1.366,11.237,4184.962
05-02-2019 12:00,1589,1.368,11.522,4280.385
05-02-2019 13:00,1590,1.37,11.54,4285.338
05-02-2019 14:00,1591,1.371,11.109,4135.975
05-02-2019 15:00,1592,1.374,9.961,3621.386
05-02-2019 16:00,1593,1.377,8.72,2868.834
05-02-2019 17:00,1594,1.38,7.976,2363.318
05-02-2019 18:00,1595,1.382,6.836,1600.37
05-02-2019 19:00,1596,1.384,5.095,671.324
05-02-2019 20:00,1597,1.386,3.761,232.938
05-02-2019 21:00,1598,1.388,3.295,133.896
05-02-2019 22:00,1599,1.389,3.452,165.88
05-02-2019 23:00,1600,1.39,4.237,362.689
06-02-2019 00:00,1601,1.384,4.976,622.744
06-02-2019 01:00,1602,1.374,5.141,690.522
06-02-2019 02:00,1603,1.367,4.852,574.038
06-02-2019 03:00,1604,1.362,4.398,416.424
06-02-2019 04:00,1605,1.359,4.091,319.978
06-02-2019 05:00,1606,1.357,3.661,209.257
06-02-2019 06:00,1607,1.356,3.288,132.667
06-02-2019 07:00,1608,1.357,2.891,71.794
06-02-2019 08:00,1609,1.36,3.563,187.342
06-02-2019 09:00,1610,1.364,5.942,1074.14
06-02-2019 10:00,1611,1.368,7.108,1775.173
06-02-2019 11:00,1612,1.371,7.674,2159.435
06-02-2019 12:00,1613,1.374,7.894,2309.439
06-02-2019 13:00,1614,1.377,7.994,2379.727
06-02-2019 14:00,1615,1.38,8.004,2385.922
06-02-2019 15:00,1616,1.383,7.756,2215.968
06-02-2019 16:00,1617,1.386,7.361,1943.581
06-02-2019 17:00,1618,1.389,7.22,1847.883
06-02-2019 18:00,1619,1.391,6.712,1524.657
06-02-2019 19:00,1620,1.393,6.093,1156.4
06-02-2019 20:00,1621,1.395,5.509,855.783
06-02-2019 21:00,1622,1.396,5.293,760.564
06-02-2019 22:00,1623,1.397,4.882,588.488
06-02-2019 23:00,1624,1.395,4.726,526.537
07-02-2019 00:00,1625,1.388,4.577,473.48
07-02-2019 01:00,1626,1.381,4.367,405.657
07-02-2019 02:00,1627,1.375,4.317,387.558
07-02-2019 03:00,1628,1.37,4.501,447.531
07-02-2019 04:00,1629,1.366,4.891,589.071
07-02-2019 05:00,1630,1.363,5.275,750.271
07-02-2019 06:00,1631,1.362,5.399,804.615
07-02-2019 07:00,1632,1.361,5.291,759.688
07-02-2019 08:00,1633,1.362,7.936,2335.668
07-02-2019 09:00,1634,1.363,9.938,3609.085
07-02-2019 10:00,1635,1.364,10.769,4000.898
07-02-2019 11:00,1636,1.366,11.412,4243.261
07-02-2019 12:00,1637,1.367,11.736,4347.982
07-02-2019 13:00,1638,1.368,11.746,4350.06
07-02-2019 14:00,1639,1.369,11.504,4275.322
07-02-2019 15:00,1640,1.371,11,4093.921
07-02-2019 16:00,1641,1.373,10.094,3688.103
07-02-2019 17:00,1642,1.376,9.353,3270.766
07-02-2019 18:00,1643,1.378,8.854,2956.627
07-02-2019 19:00,1644,1.38,8.574,2778.356
07-02-2019 20:00,1645,1.382,7.892,2307.275
07-02-2019 21:00,1646,1.383,7.98,2366.225
07-02-2019 22:00,1647,1.383,7.639,2137.846
07-02-2019 23:00,1648,1.381,7.403,1975.37
08-02-2019 00:00,1649,1.374,7.351,1941.573
08-02-2019 01:00,1650,1.362,7.213,1843.413
08-02-2019 02:00,1651,1.351,6.694,1512.267
08-02-2019 03:00,1652,1.344,5.93,1067.276
08-02-2019 04:00,1653,1.34,5.396,803.071
08-02-2019 05:00,1654,1.338,4.733,529.182
08-02-2019 06:00,1655,1.337,4.524,456.575
08-02-2019 07:00,1656,1.337,4.718,523.859
08-02-2019 08:00,1657,1.339,4.864,580.169
08-02-2019 09:00,1658,1.341,5.911,1057.327
08-02-2019 10:00,1659,1.342,7.862,2286.648
08-02-2019 11:00,1660,1.344,8.333,2613.096
08-02-2019 12:00,1661,1.346,8.257,2561.435
08-02-2019 13:00,1662,1.348,8.001,2381.438
08-02-2019 14:00,1663,1.351,7.487,2031.812
08-02-2019 15:00,1664,1.354,6.128,1174.719
08-02-2019 16:00,1665,1.357,6.085,1153.538
08-02-2019 17:00,1666,1.361,6.505,1393.28
08-02-2019 18:00,1667,1.364,6.817,1586.136
08-02-2019 19:00,1668,1.367,7.026,1720.117
08-02-2019 20:00,1669,1.371,6.781,1563.419
08-02-2019 21:00,1670,1.373,6.399,1330.018
08-02-2019 22:00,1671,1.375,5.984,1099.028
08-02-2019 23:00,1672,1.374,5.607,902.832
09-02-2019 00:00,1673,1.367,5.273,748.847
09-02-2019 01:00,1674,1.354,5.04,652.563
09-02-2019 02:00,1675,1.342,4.791,554.379
09-02-2019 03:00,1676,1.335,4.635,497.143
09-02-2019 04:00,1677,1.331,4.589,477.788
09-02-2019 05:00,1678,1.329,4.415,420.405
09-02-2019 06:00,1679,1.328,4.181,345.993
09-02-2019 07:00,1680,1.33,3.67,211.375
09-02-2019 08:00,1681,1.333,2.671,47.243
09-02-2019 09:00,1682,1.337,3.888,267.103
09-02-2019 10:00,1683,1.34,6.282,1261.832
09-02-2019 11:00,1684,1.343,7.48,2022.913
09-02-2019 12:00,1685,1.346,7.931,2332.211
09-02-2019 13:00,1686,1.349,8.319,2605.504
09-02-2019 14:00,1687,1.352,8.47,2701.236
09-02-2019 15:00,1688,1.356,7.974,2362.163
09-02-2019 16:00,1689,1.36,8.125,2469.242
09-02-2019 17:00,1690,1.364,8.148,2487.132
09-02-2019 18:00,1691,1.368,7.833,2269.451
09-02-2019 19:00,1692,1.371,7.719,2186.573
09-02-2019 20:00,1693,1.374,7.396,1972.342
09-02-2019 21:00,1694,1.376,7.087,1762.014
09-02-2019 22:00,1695,1.378,6.89,1638.513
09-02-2019 23:00,1696,1.378,6.656,1485.232
10-02-2019 00:00,1697,1.371,6.214,1226.265
10-02-2019 01:00,1698,1.359,5.628,912.873
10-02-2019 02:00,1699,1.346,4.98,624.427
10-02-2019 03:00,1700,1.338,4.22,357.836
10-02-2019 04:00,1701,1.333,3.425,158.669
10-02-2019 05:00,1702,1.33,2.862,68.134
10-02-2019 06:00,1703,1.33,2.727,53.703
10-02-2019 07:00,1704,1.331,2.672,47.377
10-02-2019 08:00,1705,1.334,2.244,16.851
10-02-2019 09:00,1706,1.337,3.411,155.869
10-02-2019 10:00,1707,1.339,5.714,958.476
10-02-2019 11:00,1708,1.342,6.662,1489.602
10-02-2019 12:00,1709,1.344,6.437,1356.068
10-02-2019 13:00,1710,1.347,6.002,1106.808
10-02-2019 14:00,1711,1.349,5.63,914.059
10-02-2019 15:00,1712,1.352,5.237,731.864
10-02-2019 16:00,1713,1.356,5.244,734.956
10-02-2019 17:00,1714,1.36,5.228,728.131
10-02-2019 18:00,1715,1.363,5.203,719.941
10-02-2019 19:00,1716,1.367,5.05,656.321
10-02-2019 20:00,1717,1.37,4.699,516.728
10-02-2019 21:00,1718,1.372,4.144,337.77
10-02-2019 22:00,1719,1.374,3.469,169.337
10-02-2019 23:00,1720,1.374,2.737,54.198
11-02-2019 00:00,1721,1.369,2.176,13.841
11-02-2019 01:00,1722,1.356,2.02,8.426
11-02-2019 02:00,1723,1.346,2.19,14.407
11-02-2019 03:00,1724,1.339,2.414,26.436
11-02-2019 04:00,1725,1.336,2.604,41.026
11-02-2019 05:00,1726,1.333,2.888,71.376
11-02-2019 06:00,1727,1.333,3.233,124.472
11-02-2019 07:00,1728,1.334,3.731,225.553
11-02-2019 08:00,1729,1.337,3.096,100.465
11-02-2019 09:00,1730,1.34,3.537,181.787
11-02-2019 10:00,1731,1.343,4.928,603.46
11-02-2019 11:00,1732,1.346,5.53,869.826
11-02-2019 12:00,1733,1.349,5.787,997.481
11-02-2019 13:00,1734,1.352,5.776,989.415
11-02-2019 14:00,1735,1.355,5.518,859.72
11-02-2019 15:00,1736,1.359,5.152,695.298
11-02-2019 16:00,1737,1.363,6.078,1151.068
11-02-2019 17:00,1738,1.367,6.995,1703.191
11-02-2019 18:00,1739,1.371,7.305,1905.023
11-02-2019 19:00,1740,1.375,7.274,1886.415
11-02-2019 20:00,1741,1.378,6.818,1586.256
11-02-2019 21:00,1742,1.38,6.071,1143.957
11-02-2019 22:00,1743,1.382,5.433,820.005
11-02-2019 23:00,1744,1.381,5.181,707.756
12-02-2019 00:00,1745,1.373,5.239,732.918
12-02-2019 01:00,1746,1.36,5.47,837.434
12-02-2019 02:00,1747,1.348,5.465,837.145
12-02-2019 03:00,1748,1.34,5.024,643.745
12-02-2019 04:00,1749,1.335,4.469,436.784
12-02-2019 05:00,1750,1.331,3.891,267.767
12-02-2019 06:00,1751,1.329,3.585,192.025
12-02-2019 07:00,1752,1.33,3.007,87.404
12-02-2019 08:00,1753,1.332,2.871,69.296
12-02-2019 09:00,1754,1.335,5.556,882.431
12-02-2019 10:00,1755,1.338,7.327,1923.606
12-02-2019 11:00,1756,1.34,7.665,2155.678
12-02-2019 12:00,1757,1.343,7.93,2331.883
12-02-2019 13:00,1758,1.346,8.176,2503.598
12-02-2019 14:00,1759,1.348,8.269,2565.31
12-02-2019 15:00,1760,1.351,7.519,2050.145
12-02-2019 16:00,1761,1.355,7.122,1788.18
12-02-2019 17:00,1762,1.359,7.954,2348.339
12-02-2019 18:00,1763,1.362,8.249,2551.619
12-02-2019 19:00,1764,1.365,8.529,2747.062
12-02-2019 20:00,1765,1.368,8.355,2626.735
12-02-2019 21:00,1766,1.371,7.992,2379.708
12-02-2019 22:00,1767,1.373,7.651,2146.123
12-02-2019 23:00,1768,1.372,7.228,1853.1
13-02-2019 00:00,1769,1.365,6.302,1273.64
13-02-2019 01:00,1770,1.351,5.376,793.701
13-02-2019 02:00,1771,1.337,4.566,469.736
13-02-2019 03:00,1772,1.326,3.821,247.732
13-02-2019 04:00,1773,1.319,3.393,152.413
13-02-2019 05:00,1774,1.315,3.259,127.487
13-02-2019 06:00,1775,1.313,3.361,146.309
13-02-2019 07:00,1776,1.314,3.224,122.991
13-02-2019 08:00,1777,1.318,2.389,24.808
13-02-2019 09:00,1778,1.322,3.744,228.658
13-02-2019 10:00,1779,1.325,6.008,1112.691
13-02-2019 11:00,1780,1.329,7.059,1741.694
13-02-2019 12:00,1781,1.333,7.526,2057.886
13-02-2019 13:00,1782,1.336,7.854,2283.25
13-02-2019 14:00,1783,1.339,8.007,2389.215
13-02-2019 15:00,1784,1.342,7.266,1881.284
13-02-2019 16:00,1785,1.347,8.126,2469.252
13-02-2019 17:00,1786,1.35,9.34,3262.928
13-02-2019 18:00,1787,1.353,9.529,3375.225
13-02-2019 19:00,1788,1.356,9.244,3208.116
13-02-2019 20:00,1789,1.359,8.821,2936.482
13-02-2019 21:00,1790,1.361,8.378,2638.834
13-02-2019 22:00,1791,1.363,8.368,2632.414
13-02-2019 23:00,1792,1.362,8.142,2478.625
14-02-2019 00:00,1793,1.354,7.32,1914.758
14-02-2019 01:00,1794,1.341,6.441,1359.949
14-02-2019 02:00,1795,1.328,5.697,950.632
14-02-2019 03:00,1796,1.318,5.153,695.826
14-02-2019 04:00,1797,1.311,5.088,668.579
14-02-2019 05:00,1798,1.307,5.176,705.397
14-02-2019 06:00,1799,1.305,4.764,540.705
14-02-2019 07:00,1800,1.305,3.765,233.879
14-02-2019 08:00,1801,1.308,3.619,201.586
14-02-2019 09:00,1802,1.311,4.159,339.809
14-02-2019 10:00,1803,1.315,5.592,895.63
14-02-2019 11:00,1804,1.318,7.171,1821.216
14-02-2019 12:00,1805,1.321,7.223,1850.271
14-02-2019 13:00,1806,1.323,6.967,1683.79
14-02-2019 14:00,1807,1.325,6.822,1590.414
14-02-2019 15:00,1808,1.328,6.145,1184.05
14-02-2019 16:00,1809,1.332,6.432,1350.545
14-02-2019 17:00,1810,1.335,6.935,1663.876
14-02-2019 18:00,1811,1.337,6.79,1569.123
14-02-2019 19:00,1812,1.34,6.143,1183.083
14-02-2019 20:00,1813,1.342,5.192,712.92
14-02-2019 21:00,1814,1.342,4.255,368.362
14-02-2019 22:00,1815,1.342,3.652,207.246
14-02-2019 23:00,1816,1.34,3.591,193.561
15-02-2019 00:00,1817,1.335,3.698,219.62
15-02-2019 01:00,1818,1.325,3.571,188.996
15-02-2019 02:00,1819,1.313,3.552,184.894
15-02-2019 03:00,1820,1.304,3.685,214.852
15-02-2019 04:00,1821,1.299,3.81,244.907
15-02-2019 05:00,1822,1.296,3.906,270.311
15-02-2019 06:00,1823,1.295,3.854,256
15-02-2019 07:00,1824,1.296,3.64,206.404
15-02-2019 08:00,1825,1.299,2.53,35.406
15-02-2019 09:00,1826,1.302,1.944,6.53
15-02-2019 10:00,1827,1.305,3.342,142.557
15-02-2019 11:00,1828,1.308,4.061,311.331
15-02-2019 12:00,1829,1.311,4.439,426.606
15-02-2019 13:00,1830,1.314,4.712,521.714
15-02-2019 14:00,1831,1.317,4.953,613.488
15-02-2019 15:00,1832,1.32,5.103,674.581
15-02-2019 16:00,1833,1.324,5.74,968.525
15-02-2019 17:00,1834,1.328,6.266,1254.873
15-02-2019 18:00,1835,1.331,6.741,1543.766
15-02-2019 19:00,1836,1.334,7.103,1775.044
15-02-2019 20:00,1837,1.337,7.196,1834.623
15-02-2019 21:00,1838,1.338,7.128,1788.36
15-02-2019 22:00,1839,1.339,6.946,1670.824
15-02-2019 23:00,1840,1.336,6.652,1482.524
16-02-2019 00:00,1841,1.326,6.256,1250.137
16-02-2019 01:00,1842,1.312,5.953,1084.318
16-02-2019 02:00,1843,1.298,5.844,1022.251
16-02-2019 03:00,1844,1.288,5.757,977.222
16-02-2019 04:00,1845,1.281,5.504,853.512
16-02-2019 05:00,1846,1.276,5.131,686.39
16-02-2019 06:00,1847,1.274,4.776,547.481
16-02-2019 07:00,1848,1.274,3.923,273.916
16-02-2019 08:00,1849,1.277,3.157,110.193
16-02-2019 09:00,1850,1.281,4.644,500.498
16-02-2019 10:00,1851,1.284,7.08,1761.819
16-02-2019 11:00,1852,1.287,8.305,2592.631
16-02-2019 12:00,1853,1.289,8.635,2812.061
16-02-2019 13:00,1854,1.291,9.023,3068.282
16-02-2019 14:00,1855,1.293,9.322,3252.327
16-02-2019 15:00,1856,1.296,8.963,3027.097
16-02-2019 16:00,1857,1.299,9.489,3357.561
16-02-2019 17:00,1858,1.303,10.063,3669.844
16-02-2019 18:00,1859,1.305,10.234,3756.211
16-02-2019 19:00,1860,1.308,10.11,3693.82
16-02-2019 20:00,1861,1.311,9.784,3520.485
16-02-2019 21:00,1862,1.313,9.419,3315.512
16-02-2019 22:00,1863,1.313,8.829,2946.572
16-02-2019 23:00,1864,1.311,8.035,2407.299
17-02-2019 00:00,1865,1.303,6.581,1444.361
17-02-2019 01:00,1866,1.291,5.612,905.229
17-02-2019 02:00,1867,1.279,5.654,925.943
17-02-2019 03:00,1868,1.27,6.143,1183.034
17-02-2019 04:00,1869,1.265,6.173,1203.61
17-02-2019 05:00,1870,1.262,5.326,772.963
17-02-2019 06:00,1871,1.261,4.74,531.694
17-02-2019 07:00,1872,1.262,4.554,465.421
17-02-2019 08:00,1873,1.267,5.007,635.041
17-02-2019 09:00,1874,1.27,5.254,739.321
17-02-2019 10:00,1875,1.272,6.033,1126.071
17-02-2019 11:00,1876,1.274,7.102,1775.013
17-02-2019 12:00,1877,1.276,7.772,2223.645
17-02-2019 13:00,1878,1.278,7.964,2354.969
17-02-2019 14:00,1879,1.279,7.826,2263.349
17-02-2019 15:00,1880,1.283,6.807,1579.407
17-02-2019 16:00,1881,1.288,6.89,1638.504
17-02-2019 17:00,1882,1.292,7.577,2093.984
17-02-2019 18:00,1883,1.296,8.269,2565.31
17-02-2019 19:00,1884,1.301,8.475,2704.743
17-02-2019 20:00,1885,1.305,8.075,2434.367
17-02-2019 21:00,1886,1.307,7.281,1894.531
17-02-2019 22:00,1887,1.308,6.586,1444.529
17-02-2019 23:00,1888,1.305,6.141,1181.768
18-02-2019 00:00,1889,1.297,5.948,1080.935
18-02-2019 01:00,1890,1.284,6.193,1214.899
18-02-2019 02:00,1891,1.271,6.635,1472.408
18-02-2019 03:00,1892,1.261,6.875,1625.833
18-02-2019 04:00,1893,1.254,6.935,1664.597
18-02-2019 05:00,1894,1.25,6.79,1569.047
18-02-2019 06:00,1895,1.248,5.831,1015.107
18-02-2019 07:00,1896,1.248,4.991,628.59
18-02-2019 08:00,1897,1.251,4.246,365.694
18-02-2019 09:00,1898,1.256,5.702,954.093
18-02-2019 10:00,1899,1.26,6.5,1390.126
18-02-2019 11:00,1900,1.265,7.397,1973.578
18-02-2019 12:00,1901,1.269,7.879,2297.1
18-02-2019 13:00,1902,1.272,7.996,2379.749
18-02-2019 14:00,1903,1.276,7.751,2208.567
18-02-2019 15:00,1904,1.279,7.49,2036.351
18-02-2019 16:00,1905,1.283,8.398,2658.547
18-02-2019 17:00,1906,1.285,9.431,3317.794
18-02-2019 18:00,1907,1.288,9.681,3463.179
18-02-2019 19:00,1908,1.29,9.007,3059.76
18-02-2019 20:00,1909,1.292,8.071,2429.858
18-02-2019 21:00,1910,1.294,7.271,1882.143
18-02-2019 22:00,1911,1.295,6.711,1524.635
18-02-2019 23:00,1912,1.295,5.502,852.407
19-02-2019 00:00,1913,1.292,4.014,298.384
19-02-2019 01:00,1914,1.285,3.121,105.675
19-02-2019 02:00,1915,1.277,3.047,93.204
19-02-2019 03:00,1916,1.269,3.362,146.586
19-02-2019 04:00,1917,1.264,3.637,205.733
19-02-2019 05:00,1918,1.261,3.874,263.505
19-02-2019 06:00,1919,1.259,4.505,448.814
19-02-2019 07:00,1920,1.26,5.009,636.137
19-02-2019 08:00,1921,1.262,4.234,361.776
19-02-2019 09:00,1922,1.264,2.583,39.69
19-02-2019 10:00,1923,1.266,1.769,3.293
19-02-2019 11:00,1924,1.268,1.344,0.395
19-02-2019 12:00,1925,1.27,1.206,0.161
19-02-2019 13:00,1926,1.273,1.371,0.478
19-02-2019 14:00,1927,1.275,1.563,1.342
19-02-2019 15:00,1928,1.278,1.634,1.884
19-02-2019 16:00,1929,1.282,1.767,3.266
19-02-2019 17:00,1930,1.285,1.992,7.659
19-02-2019 18:00,1931,1.288,2.311,20.683
19-02-2019 19:00,1932,1.292,2.721,53.15
19-02-2019 20:00,1933,1.295,3.066,95.991
19-02-2019 21:00,1934,1.297,3.281,131.463
19-02-2019 22:00,1935,1.299,3.457,166.915
19-02-2019 23:00,1936,1.299,3.764,233.479
20-02-2019 00:00,1937,1.295,4.227,359.908
20-02-2019 01:00,1938,1.285,4.578,473.88
20-02-2019 02:00,1939,1.274,4.717,523.459
20-02-2019 03:00,1940,1.266,4.811,561.545
20-02-2019 04:00,1941,1.26,4.928,603.53
20-02-2019 05:00,1942,1.257,5.014,638.175
20-02-2019 06:00,1943,1.256,5.023,642.723
20-02-2019 07:00,1944,1.257,4.722,525.329
20-02-2019 08:00,1945,1.259,3.018,88.946
20-02-2019 09:00,1946,1.262,2.402,25.662
20-02-2019 10:00,1947,1.265,3.133,106.276
20-02-2019 11:00,1948,1.268,4.29,381.95
20-02-2019 12:00,1949,1.271,5.104,674.943
20-02-2019 13:00,1950,1.275,5.519,860.186
20-02-2019 14:00,1951,1.278,5.667,932.007
20-02-2019 15:00,1952,1.282,5.622,910.038
20-02-2019 16:00,1953,1.286,6.204,1219.517
20-02-2019 17:00,1954,1.29,6.768,1556.18
20-02-2019 18:00,1955,1.294,7.457,2007.127
20-02-2019 19:00,1956,1.297,8.143,2480.767
20-02-2019 20:00,1957,1.3,8.303,2592.625
20-02-2019 21:00,1958,1.302,7.907,2317.735
20-02-2019 22:00,1959,1.304,7.37,1955.029
20-02-2019 23:00,1960,1.302,7.275,1888.39
21-02-2019 00:00,1961,1.295,7.195,1834.606
21-02-2019 01:00,1962,1.284,7.043,1731.179
21-02-2019 02:00,1963,1.272,6.452,1362.44
21-02-2019 03:00,1964,1.263,5.276,751.92
21-02-2019 04:00,1965,1.257,4.349,397.536
21-02-2019 05:00,1966,1.254,4.283,379.784
21-02-2019 06:00,1967,1.253,4.555,465.906
21-02-2019 07:00,1968,1.254,4.02,299.93
21-02-2019 08:00,1969,1.256,2.987,84.896
21-02-2019 09:00,1970,1.258,3.472,169.887
21-02-2019 10:00,1971,1.26,4.082,317.313
21-02-2019 11:00,1972,1.261,5.237,732.071
21-02-2019 12:00,1973,1.264,5.791,999.223
21-02-2019 13:00,1974,1.266,5.971,1093.809
21-02-2019 14:00,1975,1.268,6.131,1176.25
21-02-2019 15:00,1976,1.271,5.963,1089.889
21-02-2019 16:00,1977,1.275,6.776,1560.203
21-02-2019 17:00,1978,1.279,7.735,2201.103
21-02-2019 18:00,1979,1.282,8.421,2674.311
21-02-2019 19:00,1980,1.286,8.671,2842.282
21-02-2019 20:00,1981,1.289,8.414,2665.7
21-02-2019 21:00,1982,1.291,7.749,2207.612
21-02-2019 22:00,1983,1.294,6.882,1628.448
21-02-2019 23:00,1984,1.293,6.304,1274.389
22-02-2019 00:00,1985,1.287,5.804,1004.225
22-02-2019 01:00,1986,1.275,4.681,510.226
22-02-2019 02:00,1987,1.264,3.339,142.11
22-02-2019 03:00,1988,1.257,2.006,8.035
22-02-2019 04:00,1989,1.253,0.646,0
22-02-2019 05:00,1990,1.251,1.395,0.552
22-02-2019 06:00,1991,1.252,3.084,98.709
22-02-2019 07:00,1992,1.254,4.178,345.15
22-02-2019 08:00,1993,1.258,3.165,111.45
22-02-2019 09:00,1994,1.263,3.662,209.409
22-02-2019 10:00,1995,1.266,5.498,850.671
22-02-2019 11:00,1996,1.27,7.147,1806.122
22-02-2019 12:00,1997,1.273,8.302,2592.618
22-02-2019 13:00,1998,1.276,9.112,3122
22-02-2019 14:00,1999,1.278,9.543,3383.667
22-02-2019 15:00,2000,1.281,9.251,3208.717
22-02-2019 16:00,2001,1.284,9.194,3177.201
22-02-2019 17:00,2002,1.287,9.459,3339.295
22-02-2019 18:00,2003,1.289,9.337,3261.122
22-02-2019 19:00,2004,1.291,8.913,2997.291
22-02-2019 20:00,2005,1.294,8.344,2618.123
22-02-2019 21:00,2006,1.295,7.407,1975.46
22-02-2019 22:00,2007,1.295,6.218,1226.394
22-02-2019 23:00,2008,1.293,4.984,625.96
23-02-2019 00:00,2009,1.284,3.469,169.423
23-02-2019 01:00,2010,1.271,1.947,6.656
23-02-2019 02:00,2011,1.258,1.304,0.318
23-02-2019 03:00,2012,1.248,1.868,4.99
23-02-2019 04:00,2013,1.24,2.779,59.347
23-02-2019 05:00,2014,1.235,3.566,188.077
23-02-2019 06:00,2015,1.233,4.358,400.373
23-02-2019 07:00,2016,1.233,4.814,561.638
23-02-2019 08:00,2017,1.236,3.469,169.298
23-02-2019 09:00,2018,1.239,4.593,479.035
23-02-2019 10:00,2019,1.241,7.619,2124.124
23-02-2019 11:00,2020,1.243,8.911,2994.993
23-02-2019 12:00,2021,1.245,9.909,3589.131
23-02-2019 13:00,2022,1.246,10.421,3850.482
23-02-2019 14:00,2023,1.247,10.036,3655.763
23-02-2019 15:00,2024,1.25,10.583,3923.302
23-02-2019 16:00,2025,1.253,11.892,4391.662
23-02-2019 17:00,2026,1.256,13.188,4678.015
23-02-2019 18:00,2027,1.258,13.912,4783.069
23-02-2019 19:00,2028,1.261,14.335,4830.351
23-02-2019 20:00,2029,1.264,14.394,4835.979
23-02-2019 21:00,2030,1.267,13.106,4664.054
23-02-2019 22:00,2031,1.27,11.401,4242.933
23-02-2019 23:00,2032,1.27,10.15,3719.153
24-02-2019 00:00,2033,1.264,9.347,3267.212
24-02-2019 01:00,2034,1.258,9.124,3129.505
24-02-2019 02:00,2035,1.254,8.822,2937.135
24-02-2019 03:00,2036,1.252,8.838,2947.658
24-02-2019 04:00,2037,1.251,8.513,2735.168
24-02-2019 05:00,2038,1.251,9.086,3105.777
24-02-2019 06:00,2039,1.252,8.728,2874.009
24-02-2019 07:00,2040,1.254,6.823,1591.454
24-02-2019 08:00,2041,1.257,8.474,2704.051
24-02-2019 09:00,2042,1.262,9.897,3586.243
24-02-2019 10:00,2043,1.265,10.797,4012.094
24-02-2019 11:00,2044,1.268,11.554,4289.63
24-02-2019 12:00,2045,1.27,11.968,4411.98
24-02-2019 13:00,2046,1.273,12.025,4428.909
24-02-2019 14:00,2047,1.275,11.711,4338.106
24-02-2019 15:00,2048,1.279,10.928,4065.661
24-02-2019 16:00,2049,1.283,9.936,3606.508
24-02-2019 17:00,2050,1.287,9.285,3229.711
24-02-2019 18:00,2051,1.29,8.752,2891.878
24-02-2019 19:00,2052,1.293,8.424,2674.316
24-02-2019 20:00,2053,1.296,8.818,2933.477
24-02-2019 21:00,2054,1.299,9.123,3128.941
24-02-2019 22:00,2055,1.301,9.381,3287.78
24-02-2019 23:00,2056,1.3,9.307,3242.854
25-02-2019 00:00,2057,1.292,8.92,3006.189
25-02-2019 01:00,2058,1.282,8.375,2636.81
25-02-2019 02:00,2059,1.274,7.785,2235.049
25-02-2019 03:00,2060,1.269,7.142,1802.459
25-02-2019 04:00,2061,1.266,6.467,1372.058
25-02-2019 05:00,2062,1.264,5.655,926.096
25-02-2019 06:00,2063,1.264,4.707,519.894
25-02-2019 07:00,2064,1.264,2.856,67.433
25-02-2019 08:00,2065,1.267,3.452,165.917
25-02-2019 09:00,2066,1.269,5.852,1026.036
25-02-2019 10:00,2067,1.272,6.416,1343.653
25-02-2019 11:00,2068,1.274,6.85,1612.734
25-02-2019 12:00,2069,1.277,7.352,1941.58
25-02-2019 13:00,2070,1.279,7.647,2143.285
25-02-2019 14:00,2071,1.282,7.625,2125.196
25-02-2019 15:00,2072,1.285,6.87,1625.51
25-02-2019 16:00,2073,1.29,6.304,1274.466
25-02-2019 17:00,2074,1.294,6.014,1115.238
25-02-2019 18:00,2075,1.297,5.717,958.562
25-02-2019 19:00,2076,1.301,5.537,873.473
25-02-2019 20:00,2077,1.305,5.591,895.102
25-02-2019 21:00,2078,1.308,5.903,1052.61
25-02-2019 22:00,2079,1.311,6.354,1306.956
25-02-2019 23:00,2080,1.31,6.87,1625.707
26-02-2019 00:00,2081,1.302,7.446,2002.521
26-02-2019 01:00,2082,1.291,7.572,2086.375
26-02-2019 02:00,2083,1.282,7.579,2095.822
26-02-2019 03:00,2084,1.276,7.441,2002.407
26-02-2019 04:00,2085,1.272,7.05,1735.77
26-02-2019 05:00,2086,1.269,6.327,1292.017
26-02-2019 06:00,2087,1.267,5.555,882.3
26-02-2019 07:00,2088,1.268,3.492,174.099
26-02-2019 08:00,2089,1.27,5.051,656.841
26-02-2019 09:00,2090,1.272,6.543,1415.78
26-02-2019 10:00,2091,1.274,6.815,1584.625
26-02-2019 11:00,2092,1.276,7.116,1782.757
26-02-2019 12:00,2093,1.277,7.338,1928.27
26-02-2019 13:00,2094,1.279,7.435,1995.199
26-02-2019 14:00,2095,1.281,7.386,1963.389
26-02-2019 15:00,2096,1.283,6.72,1525.319
26-02-2019 16:00,2097,1.286,5.918,1060.687
26-02-2019 17:00,2098,1.289,5.994,1101.325
26-02-2019 18:00,2099,1.291,6.116,1168.01
26-02-2019 19:00,2100,1.293,6.406,1333.96
26-02-2019 20:00,2101,1.295,6.655,1484.593
26-02-2019 21:00,2102,1.297,6.738,1542.287
26-02-2019 22:00,2103,1.297,6.724,1530.046
26-02-2019 23:00,2104,1.294,6.895,1638.651
27-02-2019 00:00,2105,1.284,7.358,1941.738
27-02-2019 01:00,2106,1.27,7.841,2270.858
27-02-2019 02:00,2107,1.259,7.944,2341.133
27-02-2019 03:00,2108,1.252,7.797,2239.861
27-02-2019 04:00,2109,1.246,7.735,2200.73
27-02-2019 05:00,2110,1.243,7.688,2164.816
27-02-2019 06:00,2111,1.242,7.509,2049.015
27-02-2019 07:00,2112,1.243,5.542,875.712
27-02-2019 08:00,2113,1.246,3.949,282.695
27-02-2019 09:00,2114,1.249,6.835,1600.351
27-02-2019 10:00,2115,1.253,7.527,2059.252
27-02-2019 11:00,2116,1.256,7.609,2111.573
27-02-2019 12:00,2117,1.259,7.737,2203.403
27-02-2019 13:00,2118,1.261,7.679,2159.539
27-02-2019 14:00,2119,1.263,7.249,1867.978
27-02-2019 15:00,2120,1.266,6.414,1341.38
27-02-2019 16:00,2121,1.268,6.932,1659.96
27-02-2019 17:00,2122,1.271,7.944,2341.022
27-02-2019 18:00,2123,1.274,8.475,2704.652
27-02-2019 19:00,2124,1.276,8.803,2928.074
27-02-2019 20:00,2125,1.279,9.219,3189.053
27-02-2019 21:00,2126,1.281,9.246,3208.07
27-02-2019 22:00,2127,1.283,8.834,2947.693
27-02-2019 23:00,2128,1.281,8.463,2696.782
28-02-2019 00:00,2129,1.273,8.264,2565.281
28-02-2019 01:00,2130,1.262,8.28,2578.853
28-02-2019 02:00,2131,1.252,7.868,2294.659
28-02-2019 03:00,2132,1.245,6.837,1600.415
28-02-2019 04:00,2133,1.241,5.938,1071.269
28-02-2019 05:00,2134,1.238,5.4,804.647
28-02-2019 06:00,2135,1.238,4.794,555.654
28-02-2019 07:00,2136,1.239,4.258,369.156
28-02-2019 08:00,2137,1.241,4.637,497.764
28-02-2019 09:00,2138,1.245,5.034,649.776
28-02-2019 10:00,2139,1.249,5.442,825.034
28-02-2019 11:00,2140,1.253,5.929,1066.711
28-02-2019 12:00,2141,1.256,7.191,1834.501
28-02-2019 13:00,2142,1.26,8.019,2393.568
28-02-2019 14:00,2143,1.263,8.044,2412.803
28-02-2019 15:00,2144,1.267,7.929,2331.544
28-02-2019 16:00,2145,1.271,8.524,2740.729
28-02-2019 17:00,2146,1.275,9.112,3122.219
28-02-2019 18:00,2147,1.279,8.649,2827.822
28-02-2019 19:00,2148,1.283,7.495,2036.443
28-02-2019 20:00,2149,1.287,6.196,1214.994
28-02-2019 21:00,2150,1.29,4.628,494.797
28-02-2019 22:00,2151,1.292,3.095,100.339
28-02-2019 23:00,2152,1.29,1.873,5.13
